date,rank_ic,n,window,variant,horizon
2024-10-02,0.17387,38,old_thin,pullback_rs_60_5,5
2024-10-03,0.094868,38,old_thin,pullback_rs_60_5,5
2024-10-04,-0.028559,38,old_thin,pullback_rs_60_5,5
2024-10-07,-0.180654,38,old_thin,pullback_rs_60_5,5
2024-10-08,-0.275632,38,old_thin,pullback_rs_60_5,5
2024-10-09,-0.165992,38,old_thin,pullback_rs_60_5,5
2024-10-10,-0.270161,38,old_thin,pullback_rs_60_5,5
2024-10-11,-0.079549,38,old_thin,pullback_rs_60_5,5
2024-10-14,-0.138199,38,old_thin,pullback_rs_60_5,5
2024-10-15,-0.005143,38,old_thin,pullback_rs_60_5,5
2024-10-16,0.215231,38,old_thin,pullback_rs_60_5,5
2024-10-17,0.278258,38,old_thin,pullback_rs_60_5,5
2024-10-18,0.312835,38,old_thin,pullback_rs_60_5,5
2024-10-21,0.155925,38,old_thin,pullback_rs_60_5,5
2024-10-22,0.16643,38,old_thin,pullback_rs_60_5,5
2024-10-23,0.122005,38,old_thin,pullback_rs_60_5,5
2024-10-24,-0.159864,38,old_thin,pullback_rs_60_5,5
2024-10-25,-0.140825,37,old_thin,pullback_rs_60_5,5
2024-10-28,-0.066637,38,old_thin,pullback_rs_60_5,5
2024-10-29,0.193128,38,old_thin,pullback_rs_60_5,5
2024-10-30,-0.141919,38,old_thin,pullback_rs_60_5,5
2024-10-31,0.436919,38,old_thin,pullback_rs_60_5,5
2024-11-01,0.444797,38,old_thin,pullback_rs_60_5,5
2024-11-04,0.310647,38,old_thin,pullback_rs_60_5,5
2024-11-05,0.126819,38,old_thin,pullback_rs_60_5,5
2024-11-06,0.074516,38,old_thin,pullback_rs_60_5,5
2024-11-07,0.106248,38,old_thin,pullback_rs_60_5,5
2024-11-08,0.084145,38,old_thin,pullback_rs_60_5,5
2024-11-11,0.200788,38,old_thin,pullback_rs_60_5,5
2024-11-12,0.078674,38,old_thin,pullback_rs_60_5,5
2024-11-13,-0.016085,38,old_thin,pullback_rs_60_5,5
2024-11-14,0.03775,38,old_thin,pullback_rs_60_5,5
2024-11-15,-0.043221,38,old_thin,pullback_rs_60_5,5
2024-11-18,0.071671,38,old_thin,pullback_rs_60_5,5
2024-11-19,0.139293,38,old_thin,pullback_rs_60_5,5
2024-11-20,0.232082,38,old_thin,pullback_rs_60_5,5
2024-11-21,0.109968,38,old_thin,pullback_rs_60_5,5
2024-11-22,0.006894,38,old_thin,pullback_rs_60_5,5
2024-11-25,0.25528,38,old_thin,pullback_rs_60_5,5
2024-11-26,0.325966,38,old_thin,pullback_rs_60_5,5
2024-11-27,0.383959,38,old_thin,pullback_rs_60_5,5
2024-11-29,0.252216,38,old_thin,pullback_rs_60_5,5
2024-12-02,0.097932,38,old_thin,pullback_rs_60_5,5
2024-12-03,-0.184156,38,old_thin,pullback_rs_60_5,5
2024-12-04,-0.099026,38,old_thin,pullback_rs_60_5,5
2024-12-05,-0.177153,38,old_thin,pullback_rs_60_5,5
2024-12-06,-0.40453,38,old_thin,pullback_rs_60_5,5
2024-12-09,-0.382208,38,old_thin,pullback_rs_60_5,5
2024-12-10,-0.12857,38,old_thin,pullback_rs_60_5,5
2024-12-11,-0.459459,38,old_thin,pullback_rs_60_5,5
2024-12-12,-0.318744,38,old_thin,pullback_rs_60_5,5
2024-12-13,0.001641,38,old_thin,pullback_rs_60_5,5
2024-12-16,0.025057,38,old_thin,pullback_rs_60_5,5
2024-12-17,0.127038,38,old_thin,pullback_rs_60_5,5
2024-12-18,0.131634,38,old_thin,pullback_rs_60_5,5
2024-12-19,-0.180654,38,old_thin,pullback_rs_60_5,5
2024-12-20,-0.311084,38,old_thin,pullback_rs_60_5,5
2024-12-23,-0.428822,38,old_thin,pullback_rs_60_5,5
2024-12-24,-0.264252,38,old_thin,pullback_rs_60_5,5
2024-12-26,-0.162053,38,old_thin,pullback_rs_60_5,5
2024-12-27,-0.17015,38,old_thin,pullback_rs_60_5,5
2024-12-30,-0.215888,38,old_thin,pullback_rs_60_5,5
2024-12-31,0.107342,38,old_thin,pullback_rs_60_5,5
2025-01-02,-0.153737,38,old_thin,pullback_rs_60_5,5
2025-01-03,-0.335595,38,old_thin,pullback_rs_60_5,5
2025-01-06,-0.159208,38,old_thin,pullback_rs_60_5,5
2025-01-07,-0.020024,38,old_thin,pullback_rs_60_5,5
2025-01-08,-0.036437,38,old_thin,pullback_rs_60_5,5
2025-01-10,0.293139,38,old_thin,pullback_rs_60_5,5
2025-01-13,0.264252,38,old_thin,pullback_rs_60_5,5
2025-01-14,0.575008,38,old_thin,pullback_rs_60_5,5
2025-01-15,0.2137,38,old_thin,pullback_rs_60_5,5
2025-01-16,0.141482,38,old_thin,pullback_rs_60_5,5
2025-01-17,0.088741,38,old_thin,pullback_rs_60_5,5
2025-01-21,0.304957,38,old_thin,pullback_rs_60_5,5
2025-01-22,0.27213,38,old_thin,pullback_rs_60_5,5
2025-01-23,0.206697,38,old_thin,pullback_rs_60_5,5
2025-01-24,0.036437,38,old_thin,pullback_rs_60_5,5
2025-01-27,0.380895,38,old_thin,pullback_rs_60_5,5
2025-01-28,0.324871,38,old_thin,pullback_rs_60_5,5
2025-01-29,0.188095,38,old_thin,pullback_rs_60_5,5
2025-01-30,0.262064,38,old_thin,pullback_rs_60_5,5
2025-01-31,-0.00186,38,old_thin,pullback_rs_60_5,5
2025-02-03,-0.107561,38,old_thin,pullback_rs_60_5,5
2025-02-04,-0.339096,38,old_thin,pullback_rs_60_5,5
2025-02-05,-0.050881,38,old_thin,pullback_rs_60_5,5
2025-02-06,0.110406,38,old_thin,pullback_rs_60_5,5
2025-02-07,-0.095306,38,old_thin,pullback_rs_60_5,5
2025-02-10,-0.080643,38,old_thin,pullback_rs_60_5,5
2025-02-11,0.064668,38,old_thin,pullback_rs_60_5,5
2025-02-12,-0.190502,38,old_thin,pullback_rs_60_5,5
2025-02-13,-0.346318,38,old_thin,pullback_rs_60_5,5
2025-02-14,-0.336032,38,old_thin,pullback_rs_60_5,5
2025-02-18,-0.27038,38,old_thin,pullback_rs_60_5,5
2025-02-19,-0.128132,38,old_thin,pullback_rs_60_5,5
2025-02-20,-0.127257,38,old_thin,pullback_rs_60_5,5
2025-02-21,-0.294015,38,old_thin,pullback_rs_60_5,5
2025-02-24,-0.177591,38,old_thin,pullback_rs_60_5,5
2025-02-25,-0.280446,38,old_thin,pullback_rs_60_5,5
2025-02-26,-0.307583,38,old_thin,pullback_rs_60_5,5
2025-02-27,-0.608929,38,old_thin,pullback_rs_60_5,5
2025-02-28,-0.305613,38,old_thin,pullback_rs_60_5,5
2025-03-03,-0.197068,38,old_thin,pullback_rs_60_5,5
2025-03-04,0.038188,38,old_thin,pullback_rs_60_5,5
2025-03-05,0.27607,38,old_thin,pullback_rs_60_5,5
2025-03-06,0.316118,38,old_thin,pullback_rs_60_5,5
2025-03-07,0.230988,38,old_thin,pullback_rs_60_5,5
2025-03-10,0.063574,38,old_thin,pullback_rs_60_5,5
2025-03-11,0.186563,38,old_thin,pullback_rs_60_5,5
2025-03-12,0.2439,38,old_thin,pullback_rs_60_5,5
2025-03-13,0.053726,38,old_thin,pullback_rs_60_5,5
2025-03-14,0.225079,38,old_thin,pullback_rs_60_5,5
2025-03-17,-0.218733,38,old_thin,pullback_rs_60_5,5
2025-03-18,-0.315461,38,old_thin,pullback_rs_60_5,5
2025-03-19,-0.053726,38,old_thin,pullback_rs_60_5,5
2025-03-20,0.192253,38,old_thin,pullback_rs_60_5,5
2025-03-21,0.011927,38,old_thin,pullback_rs_60_5,5
2025-03-24,0.482438,38,old_thin,pullback_rs_60_5,5
2025-03-25,0.567349,38,old_thin,pullback_rs_60_5,5
2025-03-26,0.206259,38,old_thin,pullback_rs_60_5,5
2025-03-27,0.248058,38,old_thin,pullback_rs_60_5,5
2025-03-28,-0.281541,38,old_thin,pullback_rs_60_5,5
2025-03-31,-0.181092,38,old_thin,pullback_rs_60_5,5
2025-04-01,0.008863,38,old_thin,pullback_rs_60_5,5
2025-04-02,-0.162272,38,old_thin,pullback_rs_60_5,5
2025-04-03,-0.160083,38,old_thin,pullback_rs_60_5,5
2025-04-04,-0.159645,38,old_thin,pullback_rs_60_5,5
2025-04-07,-0.168618,38,old_thin,pullback_rs_60_5,5
2025-04-08,-0.01127,38,old_thin,pullback_rs_60_5,5
2025-04-09,0.415691,38,old_thin,pullback_rs_60_5,5
2025-04-10,0.68618,38,old_thin,pullback_rs_60_5,5
2025-04-11,0.645694,38,old_thin,pullback_rs_60_5,5
2025-04-14,0.370391,38,old_thin,pullback_rs_60_5,5
2025-04-15,0.103841,38,old_thin,pullback_rs_60_5,5
2025-04-16,-0.07189,38,old_thin,pullback_rs_60_5,5
2025-04-17,-0.346099,38,old_thin,pullback_rs_60_5,5
2024-10-02,0.015428,38,old_thin,pullback_rs_60_5,10
2024-10-03,0.028121,38,old_thin,pullback_rs_60_5,10
2024-10-04,-0.003611,38,old_thin,pullback_rs_60_5,10
2024-10-07,0.015428,38,old_thin,pullback_rs_60_5,10
2024-10-08,-0.207134,38,old_thin,pullback_rs_60_5,10
2024-10-09,-0.088084,38,old_thin,pullback_rs_60_5,10
2024-10-10,-0.074078,38,old_thin,pullback_rs_60_5,10
2024-10-11,0.054382,38,old_thin,pullback_rs_60_5,10
2024-10-14,-0.072765,38,old_thin,pullback_rs_60_5,10
2024-10-15,0.204508,38,old_thin,pullback_rs_60_5,10
2024-10-16,0.116971,38,old_thin,pullback_rs_60_5,10
2024-10-17,0.280228,38,old_thin,pullback_rs_60_5,10
2024-10-18,-0.027902,38,old_thin,pullback_rs_60_5,10
2024-10-21,-0.112157,38,old_thin,pullback_rs_60_5,10
2024-10-22,0.025714,38,old_thin,pullback_rs_60_5,10
2024-10-23,0.202757,38,old_thin,pullback_rs_60_5,10
2024-10-24,-0.009738,38,old_thin,pullback_rs_60_5,10
2024-10-25,0.167141,37,old_thin,pullback_rs_60_5,10
2024-10-28,0.025057,38,old_thin,pullback_rs_60_5,10
2024-10-29,0.070139,38,old_thin,pullback_rs_60_5,10
2024-10-30,-0.0964,38,old_thin,pullback_rs_60_5,10
2024-10-31,0.132728,38,old_thin,pullback_rs_60_5,10
2024-11-01,0.050005,38,old_thin,pullback_rs_60_5,10
2024-11-04,-0.005362,38,old_thin,pullback_rs_60_5,10
2024-11-05,0.057227,38,old_thin,pullback_rs_60_5,10
2024-11-06,-0.013021,38,old_thin,pullback_rs_60_5,10
2024-11-07,0.141263,38,old_thin,pullback_rs_60_5,10
2024-11-08,0.122223,38,old_thin,pullback_rs_60_5,10
2024-11-11,0.339753,38,old_thin,pullback_rs_60_5,10
2024-11-12,0.226611,38,old_thin,pullback_rs_60_5,10
2024-11-13,0.063355,38,old_thin,pullback_rs_60_5,10
2024-11-14,-0.123974,38,old_thin,pullback_rs_60_5,10
2024-11-15,0.119597,38,old_thin,pullback_rs_60_5,10
2024-11-18,0.148703,38,old_thin,pullback_rs_60_5,10
2024-11-19,0.240179,38,old_thin,pullback_rs_60_5,10
2024-11-20,0.364263,38,old_thin,pullback_rs_60_5,10
2024-11-21,0.323558,38,old_thin,pullback_rs_60_5,10
2024-11-22,0.029215,38,old_thin,pullback_rs_60_5,10
2024-11-25,0.227705,38,old_thin,pullback_rs_60_5,10
2024-11-26,0.438669,38,old_thin,pullback_rs_60_5,10
2024-11-27,0.382865,38,old_thin,pullback_rs_60_5,10
2024-11-29,0.1266,38,old_thin,pullback_rs_60_5,10
2024-12-02,0.061166,38,old_thin,pullback_rs_60_5,10
2024-12-03,-0.066637,38,old_thin,pullback_rs_60_5,10
2024-12-04,-0.18722,38,old_thin,pullback_rs_60_5,10
2024-12-05,-0.272787,38,old_thin,pullback_rs_60_5,10
2024-12-06,-0.165335,38,old_thin,pullback_rs_60_5,10
2024-12-09,-0.240836,38,old_thin,pullback_rs_60_5,10
2024-12-10,-0.118503,38,old_thin,pullback_rs_60_5,10
2024-12-11,-0.139731,38,old_thin,pullback_rs_60_5,10
2024-12-12,-0.140387,38,old_thin,pullback_rs_60_5,10
2024-12-13,-0.109531,38,old_thin,pullback_rs_60_5,10
2024-12-16,0.011489,38,old_thin,pullback_rs_60_5,10
2024-12-17,0.274319,38,old_thin,pullback_rs_60_5,10
2024-12-18,0.139293,38,old_thin,pullback_rs_60_5,10
2024-12-19,0.184812,38,old_thin,pullback_rs_60_5,10
2024-12-20,-0.178247,38,old_thin,pullback_rs_60_5,10
2024-12-23,-0.217201,38,old_thin,pullback_rs_60_5,10
2024-12-24,-0.202539,38,old_thin,pullback_rs_60_5,10
2024-12-26,-0.271255,38,old_thin,pullback_rs_60_5,10
2024-12-27,-0.366451,38,old_thin,pullback_rs_60_5,10
2024-12-30,0.033592,38,old_thin,pullback_rs_60_5,10
2024-12-31,-0.012802,38,old_thin,pullback_rs_60_5,10
2025-01-02,-0.016523,38,old_thin,pullback_rs_60_5,10
2025-01-03,-0.168399,38,old_thin,pullback_rs_60_5,10
2025-01-06,-0.036437,38,old_thin,pullback_rs_60_5,10
2025-01-07,0.208447,38,old_thin,pullback_rs_60_5,10
2025-01-08,0.178028,38,old_thin,pullback_rs_60_5,10
2025-01-10,0.171463,38,old_thin,pullback_rs_60_5,10
2025-01-13,0.217858,38,old_thin,pullback_rs_60_5,10
2025-01-14,0.07933,38,old_thin,pullback_rs_60_5,10
2025-01-15,-0.058978,38,old_thin,pullback_rs_60_5,10
2025-01-16,0.091804,38,old_thin,pullback_rs_60_5,10
2025-01-17,0.210855,38,old_thin,pullback_rs_60_5,10
2025-01-21,0.382208,38,old_thin,pullback_rs_60_5,10
2025-01-22,0.264033,38,old_thin,pullback_rs_60_5,10
2025-01-23,0.19291,38,old_thin,pullback_rs_60_5,10
2025-01-24,-0.001422,38,old_thin,pullback_rs_60_5,10
2025-01-27,0.347193,38,old_thin,pullback_rs_60_5,10
2025-01-28,0.143232,38,old_thin,pullback_rs_60_5,10
2025-01-29,0.119597,38,old_thin,pullback_rs_60_5,10
2025-01-30,0.259656,38,old_thin,pullback_rs_60_5,10
2025-01-31,0.074516,38,old_thin,pullback_rs_60_5,10
2025-02-03,0.067075,38,old_thin,pullback_rs_60_5,10
2025-02-04,-0.094212,38,old_thin,pullback_rs_60_5,10
2025-02-05,-0.17387,38,old_thin,pullback_rs_60_5,10
2025-02-06,-0.1417,38,old_thin,pullback_rs_60_5,10
2025-02-07,-0.346537,38,old_thin,pullback_rs_60_5,10
2025-02-10,-0.236897,38,old_thin,pullback_rs_60_5,10
2025-02-11,-0.558595,38,old_thin,pullback_rs_60_5,10
2025-02-12,-0.460116,38,old_thin,pullback_rs_60_5,10
2025-02-13,-0.259656,38,old_thin,pullback_rs_60_5,10
2025-02-14,-0.180217,38,old_thin,pullback_rs_60_5,10
2025-02-18,-0.16074,38,old_thin,pullback_rs_60_5,10
2025-02-19,-0.084364,38,old_thin,pullback_rs_60_5,10
2025-02-20,-0.199037,38,old_thin,pullback_rs_60_5,10
2025-02-21,-0.464712,38,old_thin,pullback_rs_60_5,10
2025-02-24,-0.411533,38,old_thin,pullback_rs_60_5,10
2025-02-25,-0.34216,38,old_thin,pullback_rs_60_5,10
2025-02-26,-0.297297,38,old_thin,pullback_rs_60_5,10
2025-02-27,-0.16249,38,old_thin,pullback_rs_60_5,10
2025-02-28,0.059635,38,old_thin,pullback_rs_60_5,10
2025-03-03,0.019586,38,old_thin,pullback_rs_60_5,10
2025-03-04,0.061823,38,old_thin,pullback_rs_60_5,10
2025-03-05,0.294671,38,old_thin,pullback_rs_60_5,10
2025-03-06,0.39512,38,old_thin,pullback_rs_60_5,10
2025-03-07,0.303206,38,old_thin,pullback_rs_60_5,10
2025-03-10,0.131415,38,old_thin,pullback_rs_60_5,10
2025-03-11,0.191596,38,old_thin,pullback_rs_60_5,10
2025-03-12,0.230988,38,old_thin,pullback_rs_60_5,10
2025-03-13,0.329029,38,old_thin,pullback_rs_60_5,10
2025-03-14,0.394901,38,old_thin,pullback_rs_60_5,10
2025-03-17,0.656855,38,old_thin,pullback_rs_60_5,10
2025-03-18,0.448736,38,old_thin,pullback_rs_60_5,10
2025-03-19,0.264909,38,old_thin,pullback_rs_60_5,10
2025-03-20,0.293358,38,old_thin,pullback_rs_60_5,10
2025-03-21,-0.018492,38,old_thin,pullback_rs_60_5,10
2025-03-24,0.328154,38,old_thin,pullback_rs_60_5,10
2025-03-25,0.454864,38,old_thin,pullback_rs_60_5,10
2025-03-26,-0.047379,38,old_thin,pullback_rs_60_5,10
2025-03-27,-0.015866,38,old_thin,pullback_rs_60_5,10
2025-03-28,-0.025276,38,old_thin,pullback_rs_60_5,10
2025-03-31,-0.062261,38,old_thin,pullback_rs_60_5,10
2025-04-01,-0.016085,38,old_thin,pullback_rs_60_5,10
2025-04-02,-0.002517,38,old_thin,pullback_rs_60_5,10
2025-04-03,0.151767,38,old_thin,pullback_rs_60_5,10
2025-04-04,0.302112,38,old_thin,pullback_rs_60_5,10
2025-04-07,0.266441,38,old_thin,pullback_rs_60_5,10
2025-04-08,0.185688,38,old_thin,pullback_rs_60_5,10
2025-04-09,0.335814,38,old_thin,pullback_rs_60_5,10
2025-04-10,-0.061823,38,old_thin,pullback_rs_60_5,10
2024-10-02,-0.010833,38,old_thin,pullback_rs_60_5,20
2024-10-03,0.07933,38,old_thin,pullback_rs_60_5,20
2024-10-04,0.071452,38,old_thin,pullback_rs_60_5,20
2024-10-07,0.05482,38,old_thin,pullback_rs_60_5,20
2024-10-08,-0.19291,38,old_thin,pullback_rs_60_5,20
2024-10-09,-0.185688,38,old_thin,pullback_rs_60_5,20
2024-10-10,-0.156144,38,old_thin,pullback_rs_60_5,20
2024-10-11,0.046285,38,old_thin,pullback_rs_60_5,20
2024-10-14,-0.044534,38,old_thin,pullback_rs_60_5,20
2024-10-15,0.155269,38,old_thin,pullback_rs_60_5,20
2024-10-16,0.103841,38,old_thin,pullback_rs_60_5,20
2024-10-17,0.255061,38,old_thin,pullback_rs_60_5,20
2024-10-18,-0.053945,38,old_thin,pullback_rs_60_5,20
2024-10-21,-0.086552,38,old_thin,pullback_rs_60_5,20
2024-10-22,-0.004924,38,old_thin,pullback_rs_60_5,20
2024-10-23,0.102965,38,old_thin,pullback_rs_60_5,20
2024-10-24,-0.190283,38,old_thin,pullback_rs_60_5,20
2024-10-25,0.058084,37,old_thin,pullback_rs_60_5,20
2024-10-28,-0.084145,38,old_thin,pullback_rs_60_5,20
2024-10-29,-0.061385,38,old_thin,pullback_rs_60_5,20
2024-10-30,-0.127694,38,old_thin,pullback_rs_60_5,20
2024-10-31,0.106029,38,old_thin,pullback_rs_60_5,20
2024-11-01,0.144545,38,old_thin,pullback_rs_60_5,20
2024-11-04,0.241055,38,old_thin,pullback_rs_60_5,20
2024-11-05,0.240617,38,old_thin,pullback_rs_60_5,20
2024-11-06,0.353977,38,old_thin,pullback_rs_60_5,20
2024-11-07,0.081081,38,old_thin,pullback_rs_60_5,20
2024-11-08,0.226392,38,old_thin,pullback_rs_60_5,20
2024-11-11,0.331437,38,old_thin,pullback_rs_60_5,20
2024-11-12,0.296641,38,old_thin,pullback_rs_60_5,20
2024-11-13,0.043221,38,old_thin,pullback_rs_60_5,20
2024-11-14,0.12288,38,old_thin,pullback_rs_60_5,20
2024-11-15,0.250246,38,old_thin,pullback_rs_60_5,20
2024-11-18,0.239085,38,old_thin,pullback_rs_60_5,20
2024-11-19,0.080862,38,old_thin,pullback_rs_60_5,20
2024-11-20,0.363169,38,old_thin,pullback_rs_60_5,20
2024-11-21,0.421162,38,old_thin,pullback_rs_60_5,20
2024-11-22,0.268629,38,old_thin,pullback_rs_60_5,20
2024-11-25,0.395558,38,old_thin,pullback_rs_60_5,20
2024-11-26,0.486158,38,old_thin,pullback_rs_60_5,20
2024-11-27,0.307583,38,old_thin,pullback_rs_60_5,20
2024-11-29,-0.012583,38,old_thin,pullback_rs_60_5,20
2024-12-02,-0.17584,38,old_thin,pullback_rs_60_5,20
2024-12-03,-0.302331,38,old_thin,pullback_rs_60_5,20
2024-12-04,-0.178904,38,old_thin,pullback_rs_60_5,20
2024-12-05,-0.349163,38,old_thin,pullback_rs_60_5,20
2024-12-06,-0.390962,38,old_thin,pullback_rs_60_5,20
2024-12-09,-0.338658,38,old_thin,pullback_rs_60_5,20
2024-12-10,-0.072327,38,old_thin,pullback_rs_60_5,20
2024-12-11,-0.076267,38,old_thin,pullback_rs_60_5,20
2024-12-12,0.035562,38,old_thin,pullback_rs_60_5,20
2024-12-13,-0.101215,38,old_thin,pullback_rs_60_5,20
2024-12-16,0.055477,38,old_thin,pullback_rs_60_5,20
2024-12-17,0.197286,38,old_thin,pullback_rs_60_5,20
2024-12-18,0.143013,38,old_thin,pullback_rs_60_5,20
2024-12-19,0.15308,38,old_thin,pullback_rs_60_5,20
2024-12-20,-0.020681,38,old_thin,pullback_rs_60_5,20
2024-12-23,0.098807,38,old_thin,pullback_rs_60_5,20
2024-12-24,-0.245432,38,old_thin,pullback_rs_60_5,20
2024-12-26,-0.181967,38,old_thin,pullback_rs_60_5,20
2024-12-27,-0.027465,38,old_thin,pullback_rs_60_5,20
2024-12-30,0.027465,38,old_thin,pullback_rs_60_5,20
2024-12-31,0.03031,38,old_thin,pullback_rs_60_5,20
2025-01-02,-0.042127,38,old_thin,pullback_rs_60_5,20
2025-01-03,0.038188,38,old_thin,pullback_rs_60_5,20
2025-01-06,0.136448,38,old_thin,pullback_rs_60_5,20
2025-01-07,0.134697,38,old_thin,pullback_rs_60_5,20
2025-01-08,0.066637,38,old_thin,pullback_rs_60_5,20
2025-01-10,0.269942,38,old_thin,pullback_rs_60_5,20
2025-01-13,0.182843,38,old_thin,pullback_rs_60_5,20
2025-01-14,0.099026,38,old_thin,pullback_rs_60_5,20
2025-01-15,0.039501,38,old_thin,pullback_rs_60_5,20
2025-01-16,0.127694,38,old_thin,pullback_rs_60_5,20
2025-01-17,0.123536,38,old_thin,pullback_rs_60_5,20
2025-01-21,0.219608,38,old_thin,pullback_rs_60_5,20
2025-01-22,0.239742,38,old_thin,pullback_rs_60_5,20
2025-01-23,0.063793,38,old_thin,pullback_rs_60_5,20
2025-01-24,0.061385,38,old_thin,pullback_rs_60_5,20
2025-01-27,0.017179,38,old_thin,pullback_rs_60_5,20
2025-01-28,-0.012146,38,old_thin,pullback_rs_60_5,20
2025-01-29,-0.297297,38,old_thin,pullback_rs_60_5,20
2025-01-30,-0.471933,38,old_thin,pullback_rs_60_5,20
2025-01-31,-0.524456,38,old_thin,pullback_rs_60_5,20
2025-02-03,-0.108218,38,old_thin,pullback_rs_60_5,20
2025-02-04,-0.282416,38,old_thin,pullback_rs_60_5,20
2025-02-05,-0.21742,38,old_thin,pullback_rs_60_5,20
2025-02-06,-0.234708,38,old_thin,pullback_rs_60_5,20
2025-02-07,-0.383083,38,old_thin,pullback_rs_60_5,20
2025-02-10,-0.274538,38,old_thin,pullback_rs_60_5,20
2025-02-11,-0.534085,38,old_thin,pullback_rs_60_5,20
2025-02-12,-0.490535,38,old_thin,pullback_rs_60_5,20
2025-02-13,-0.364482,38,old_thin,pullback_rs_60_5,20
2025-02-14,-0.324215,38,old_thin,pullback_rs_60_5,20
2025-02-18,-0.282635,38,old_thin,pullback_rs_60_5,20
2025-02-19,-0.173433,38,old_thin,pullback_rs_60_5,20
2025-02-20,-0.237553,38,old_thin,pullback_rs_60_5,20
2025-02-21,-0.26841,38,old_thin,pullback_rs_60_5,20
2025-02-24,-0.14936,38,old_thin,pullback_rs_60_5,20
2025-02-25,-0.098807,38,old_thin,pullback_rs_60_5,20
2025-02-26,-0.127476,38,old_thin,pullback_rs_60_5,20
2025-02-27,-0.153518,38,old_thin,pullback_rs_60_5,20
2025-02-28,-0.149579,38,old_thin,pullback_rs_60_5,20
2025-03-03,-0.135573,38,old_thin,pullback_rs_60_5,20
2025-03-04,0.136011,38,old_thin,pullback_rs_60_5,20
2025-03-05,0.141919,38,old_thin,pullback_rs_60_5,20
2025-03-06,0.248714,38,old_thin,pullback_rs_60_5,20
2025-03-07,0.21742,38,old_thin,pullback_rs_60_5,20
2025-03-10,0.304519,38,old_thin,pullback_rs_60_5,20
2025-03-11,0.31568,38,old_thin,pullback_rs_60_5,20
2025-03-12,0.288981,38,old_thin,pullback_rs_60_5,20
2025-03-13,0.245869,38,old_thin,pullback_rs_60_5,20
2025-03-14,0.266878,38,old_thin,pullback_rs_60_5,20
2025-03-17,0.275851,38,old_thin,pullback_rs_60_5,20
2025-03-18,0.156582,38,old_thin,pullback_rs_60_5,20
2025-03-19,0.309115,38,old_thin,pullback_rs_60_5,20
2025-03-20,0.238866,38,old_thin,pullback_rs_60_5,20
2025-03-21,0.072546,38,old_thin,pullback_rs_60_5,20
2025-03-24,0.220265,38,old_thin,pullback_rs_60_5,20
2025-03-25,0.174746,38,old_thin,pullback_rs_60_5,20
2025-03-26,-0.021994,38,old_thin,pullback_rs_60_5,20
2025-03-27,-0.145421,38,old_thin,pullback_rs_60_5,20
2024-10-02,0.161396,38,old_thin,pullback_rs_60_5,60
2024-10-03,0.198818,38,old_thin,pullback_rs_60_5,60
2024-10-04,0.171682,38,old_thin,pullback_rs_60_5,60
2024-10-07,0.221578,38,old_thin,pullback_rs_60_5,60
2024-10-08,-0.07561,38,old_thin,pullback_rs_60_5,60
2024-10-09,-0.199475,38,old_thin,pullback_rs_60_5,60
2024-10-10,-0.173651,38,old_thin,pullback_rs_60_5,60
2024-10-11,0.03775,38,old_thin,pullback_rs_60_5,60
2024-10-14,-0.074078,38,old_thin,pullback_rs_60_5,60
2024-10-15,0.061166,38,old_thin,pullback_rs_60_5,60
2024-10-16,0.104716,38,old_thin,pullback_rs_60_5,60
2024-10-17,0.270817,38,old_thin,pullback_rs_60_5,60
2024-10-18,-0.03403,38,old_thin,pullback_rs_60_5,60
2024-10-21,-0.055477,38,old_thin,pullback_rs_60_5,60
2024-10-22,0.063793,38,old_thin,pullback_rs_60_5,60
2024-10-23,0.159208,38,old_thin,pullback_rs_60_5,60
2024-10-24,-0.110625,38,old_thin,pullback_rs_60_5,60
2024-10-25,0.211949,37,old_thin,pullback_rs_60_5,60
2024-10-28,-0.078674,38,old_thin,pullback_rs_60_5,60
2024-10-29,-0.104716,38,old_thin,pullback_rs_60_5,60
2024-10-30,-0.220046,38,old_thin,pullback_rs_60_5,60
2024-10-31,0.135135,38,old_thin,pullback_rs_60_5,60
2024-11-01,0.144764,38,old_thin,pullback_rs_60_5,60
2024-11-04,0.237772,38,old_thin,pullback_rs_60_5,60
2024-11-05,0.231207,38,old_thin,pullback_rs_60_5,60
2024-11-06,0.275194,38,old_thin,pullback_rs_60_5,60
2024-11-07,0.122442,38,old_thin,pullback_rs_60_5,60
2024-11-08,0.242587,38,old_thin,pullback_rs_60_5,60
2024-11-11,0.349819,38,old_thin,pullback_rs_60_5,60
2024-11-12,0.434511,38,old_thin,pullback_rs_60_5,60
2024-11-13,0.182843,38,old_thin,pullback_rs_60_5,60
2024-11-14,0.123099,38,old_thin,pullback_rs_60_5,60
2024-11-15,0.231426,38,old_thin,pullback_rs_60_5,60
2024-11-18,0.150892,38,old_thin,pullback_rs_60_5,60
2024-11-19,0.202757,38,old_thin,pullback_rs_60_5,60
2024-11-20,0.577415,38,old_thin,pullback_rs_60_5,60
2024-11-21,0.361199,38,old_thin,pullback_rs_60_5,60
2024-11-22,0.180654,38,old_thin,pullback_rs_60_5,60
2024-11-25,0.162709,38,old_thin,pullback_rs_60_5,60
2024-11-26,0.149798,38,old_thin,pullback_rs_60_5,60
2024-11-27,-0.020024,38,old_thin,pullback_rs_60_5,60
2024-11-29,-0.181967,38,old_thin,pullback_rs_60_5,60
2024-12-02,-0.139512,38,old_thin,pullback_rs_60_5,60
2024-12-03,-0.109312,38,old_thin,pullback_rs_60_5,60
2024-12-04,0.180873,38,old_thin,pullback_rs_60_5,60
2024-12-05,0.133603,38,old_thin,pullback_rs_60_5,60
2024-12-06,0.209323,38,old_thin,pullback_rs_60_5,60
2024-12-09,0.044972,38,old_thin,pullback_rs_60_5,60
2024-12-10,-0.081519,38,old_thin,pullback_rs_60_5,60
2024-12-11,-0.114126,38,old_thin,pullback_rs_60_5,60
2024-12-12,-0.128351,38,old_thin,pullback_rs_60_5,60
2024-12-13,-0.092461,38,old_thin,pullback_rs_60_5,60
2024-12-16,0.06051,38,old_thin,pullback_rs_60_5,60
2024-12-17,0.063793,38,old_thin,pullback_rs_60_5,60
2024-12-18,-0.100558,38,old_thin,pullback_rs_60_5,60
2024-12-19,-0.151767,38,old_thin,pullback_rs_60_5,60
2024-12-20,-0.239742,38,old_thin,pullback_rs_60_5,60
2024-12-23,-0.347631,38,old_thin,pullback_rs_60_5,60
2024-12-24,-0.328811,38,old_thin,pullback_rs_60_5,60
2024-12-26,-0.269504,38,old_thin,pullback_rs_60_5,60
2024-12-27,-0.320276,38,old_thin,pullback_rs_60_5,60
2024-12-30,-0.167961,38,old_thin,pullback_rs_60_5,60
2024-12-31,-0.522267,38,old_thin,pullback_rs_60_5,60
2025-01-02,-0.452675,38,old_thin,pullback_rs_60_5,60
2025-01-03,-0.3194,38,old_thin,pullback_rs_60_5,60
2025-01-06,-0.021556,38,old_thin,pullback_rs_60_5,60
2025-01-07,-0.187657,38,old_thin,pullback_rs_60_5,60
2025-01-08,-0.126381,38,old_thin,pullback_rs_60_5,60
2025-01-10,-0.17956,38,old_thin,pullback_rs_60_5,60
2025-01-13,-0.295765,38,old_thin,pullback_rs_60_5,60
2025-01-14,-0.416348,38,old_thin,pullback_rs_60_5,60
2025-01-15,-0.338221,38,old_thin,pullback_rs_60_5,60
2025-01-16,-0.091804,38,old_thin,pullback_rs_60_5,60
2025-01-17,-0.03972,38,old_thin,pullback_rs_60_5,60
2025-01-21,0.1266,38,old_thin,pullback_rs_60_5,60
2025-01-22,0.127038,38,old_thin,pullback_rs_60_5,60
2025-01-23,-0.16818,38,old_thin,pullback_rs_60_5,60
2025-01-24,-0.1266,38,old_thin,pullback_rs_60_5,60
2025-01-27,-0.152205,38,old_thin,pullback_rs_60_5,60
2025-01-28,-0.099464,38,old_thin,pullback_rs_60_5,60
2025-01-29,-0.103622,38,old_thin,pullback_rs_60_5,60
2024-10-02,-0.11916,38,old_thin,momentum_60,5
2024-10-03,-0.003392,38,old_thin,momentum_60,5
2024-10-04,-0.023088,38,old_thin,momentum_60,5
2024-10-07,-0.10406,38,old_thin,momentum_60,5
2024-10-08,-0.277601,38,old_thin,momentum_60,5
2024-10-09,-0.267316,38,old_thin,momentum_60,5
2024-10-10,-0.31196,38,old_thin,momentum_60,5
2024-10-11,-0.195973,38,old_thin,momentum_60,5
2024-10-14,0.082175,38,old_thin,momentum_60,5
2024-10-15,0.069482,38,old_thin,momentum_60,5
2024-10-16,0.319182,38,old_thin,momentum_60,5
2024-10-17,0.032936,38,old_thin,momentum_60,5
2024-10-18,0.184156,38,old_thin,momentum_60,5
2024-10-21,-0.180654,38,old_thin,momentum_60,5
2024-10-22,0.006894,38,old_thin,momentum_60,5
2024-10-23,-0.078674,38,old_thin,momentum_60,5
2024-10-24,-0.111719,38,old_thin,momentum_60,5
2024-10-25,-0.138928,37,old_thin,momentum_60,5
2024-10-28,-0.17956,38,old_thin,momentum_60,5
2024-10-29,-0.15505,38,old_thin,momentum_60,5
2024-10-30,0.15505,38,old_thin,momentum_60,5
2024-10-31,0.382208,38,old_thin,momentum_60,5
2024-11-01,0.309771,38,old_thin,momentum_60,5
2024-11-04,0.205821,38,old_thin,momentum_60,5
2024-11-05,0.223766,38,old_thin,momentum_60,5
2024-11-06,0.086771,38,old_thin,momentum_60,5
2024-11-07,0.256811,38,old_thin,momentum_60,5
2024-11-08,0.315024,38,old_thin,momentum_60,5
2024-11-11,0.269723,38,old_thin,momentum_60,5
2024-11-12,0.425101,38,old_thin,momentum_60,5
2024-11-13,0.381552,38,old_thin,momentum_60,5
2024-11-14,0.418317,38,old_thin,momentum_60,5
2024-11-15,0.124193,38,old_thin,momentum_60,5
2024-11-18,0.054601,38,old_thin,momentum_60,5
2024-11-19,-0.117628,38,old_thin,momentum_60,5
2024-11-20,0.03775,38,old_thin,momentum_60,5
2024-11-21,-0.019368,38,old_thin,momentum_60,5
2024-11-22,-0.236021,38,old_thin,momentum_60,5
2024-11-25,0.11916,38,old_thin,momentum_60,5
2024-11-26,0.465806,38,old_thin,momentum_60,5
2024-11-27,0.403436,38,old_thin,momentum_60,5
2024-11-29,0.450925,38,old_thin,momentum_60,5
2024-12-02,0.460773,38,old_thin,momentum_60,5
2024-12-03,-0.079768,38,old_thin,momentum_60,5
2024-12-04,0.00558,38,old_thin,momentum_60,5
2024-12-05,0.02834,38,old_thin,momentum_60,5
2024-12-06,-0.037969,38,old_thin,momentum_60,5
2024-12-09,0.269942,38,old_thin,momentum_60,5
2024-12-10,0.491629,38,old_thin,momentum_60,5
2024-12-11,-0.090054,38,old_thin,momentum_60,5
2024-12-12,-0.011708,38,old_thin,momentum_60,5
2024-12-13,0.109093,38,old_thin,momentum_60,5
2024-12-16,-0.303863,38,old_thin,momentum_60,5
2024-12-17,-0.119816,38,old_thin,momentum_60,5
2024-12-18,0.203414,38,old_thin,momentum_60,5
2024-12-19,-0.152424,38,old_thin,momentum_60,5
2024-12-20,-0.389868,38,old_thin,momentum_60,5
2024-12-23,-0.375205,38,old_thin,momentum_60,5
2024-12-24,-0.4065,38,old_thin,momentum_60,5
2024-12-26,-0.314148,38,old_thin,momentum_60,5
2024-12-27,0.014334,38,old_thin,momentum_60,5
2024-12-30,-0.277164,38,old_thin,momentum_60,5
2024-12-31,-0.146515,38,old_thin,momentum_60,5
2025-01-02,-0.158332,38,old_thin,momentum_60,5
2025-01-03,-0.467338,38,old_thin,momentum_60,5
2025-01-06,-0.462961,38,old_thin,momentum_60,5
2025-01-07,0.08502,38,old_thin,momentum_60,5
2025-01-08,0.12857,38,old_thin,momentum_60,5
2025-01-10,0.304738,38,old_thin,momentum_60,5
2025-01-13,0.315899,38,old_thin,momentum_60,5
2025-01-14,0.465368,38,old_thin,momentum_60,5
2025-01-15,0.263814,38,old_thin,momentum_60,5
2025-01-16,0.204727,38,old_thin,momentum_60,5
2025-01-17,-0.268191,38,old_thin,momentum_60,5
2025-01-21,-0.019805,38,old_thin,momentum_60,5
2025-01-22,-0.263158,38,old_thin,momentum_60,5
2025-01-23,-0.16446,38,old_thin,momentum_60,5
2025-01-24,0.131634,38,old_thin,momentum_60,5
2025-01-27,0.448517,38,old_thin,momentum_60,5
2025-01-28,0.266003,38,old_thin,momentum_60,5
2025-01-29,0.148485,38,old_thin,momentum_60,5
2025-01-30,0.342379,38,old_thin,momentum_60,5
2025-01-31,0.105591,38,old_thin,momentum_60,5
2025-02-03,0.065981,38,old_thin,momentum_60,5
2025-02-04,-0.266441,38,old_thin,momentum_60,5
2025-02-05,0.20801,38,old_thin,momentum_60,5
2025-02-06,0.10406,38,old_thin,momentum_60,5
2025-02-07,0.076048,38,old_thin,momentum_60,5
2025-02-10,0.074516,38,old_thin,momentum_60,5
2025-02-11,-0.004049,38,old_thin,momentum_60,5
2025-02-12,-0.344348,38,old_thin,momentum_60,5
2025-02-13,-0.505198,38,old_thin,momentum_60,5
2025-02-14,-0.430791,38,old_thin,momentum_60,5
2025-02-18,-0.408688,38,old_thin,momentum_60,5
2025-02-19,-0.29861,38,old_thin,momentum_60,5
2025-02-20,-0.224204,38,old_thin,momentum_60,5
2025-02-21,-0.154612,38,old_thin,momentum_60,5
2025-02-24,0.011052,38,old_thin,momentum_60,5
2025-02-25,-0.069264,38,old_thin,momentum_60,5
2025-02-26,-0.124631,38,old_thin,momentum_60,5
2025-02-27,-0.336689,38,old_thin,momentum_60,5
2025-02-28,-0.222891,38,old_thin,momentum_60,5
2025-03-03,-0.116315,38,old_thin,momentum_60,5
2025-03-04,0.15505,38,old_thin,momentum_60,5
2025-03-05,-0.011708,38,old_thin,momentum_60,5
2025-03-06,0.031842,38,old_thin,momentum_60,5
2025-03-07,0.030747,38,old_thin,momentum_60,5
2025-03-10,-0.422694,38,old_thin,momentum_60,5
2025-03-11,0.129008,38,old_thin,momentum_60,5
2025-03-12,0.36492,38,old_thin,momentum_60,5
2025-03-13,0.210855,38,old_thin,momentum_60,5
2025-03-14,0.289857,38,old_thin,momentum_60,5
2025-03-17,-0.113689,38,old_thin,momentum_60,5
2025-03-18,-0.251122,38,old_thin,momentum_60,5
2025-03-19,0.001422,38,old_thin,momentum_60,5
2025-03-20,-0.011052,38,old_thin,momentum_60,5
2025-03-21,0.274319,38,old_thin,momentum_60,5
2025-03-24,0.397746,38,old_thin,momentum_60,5
2025-03-25,0.379363,38,old_thin,momentum_60,5
2025-03-26,0.214356,38,old_thin,momentum_60,5
2025-03-27,0.279571,38,old_thin,momentum_60,5
2025-03-28,0.071233,38,old_thin,momentum_60,5
2025-03-31,-0.090272,38,old_thin,momentum_60,5
2025-04-01,0.178904,38,old_thin,momentum_60,5
2025-04-02,-0.165554,38,old_thin,momentum_60,5
2025-04-03,-0.140387,38,old_thin,momentum_60,5
2025-04-04,-0.142576,38,old_thin,momentum_60,5
2025-04-07,-0.041908,38,old_thin,momentum_60,5
2025-04-08,-0.279352,38,old_thin,momentum_60,5
2025-04-09,0.690119,38,old_thin,momentum_60,5
2025-04-10,0.395995,38,old_thin,momentum_60,5
2025-04-11,0.397089,38,old_thin,momentum_60,5
2025-04-14,0.205821,38,old_thin,momentum_60,5
2025-04-15,0.009957,38,old_thin,momentum_60,5
2025-04-16,-0.375424,38,old_thin,momentum_60,5
2025-04-17,-0.603458,38,old_thin,momentum_60,5
2024-10-02,-0.16249,38,old_thin,momentum_60,10
2024-10-03,-0.240398,38,old_thin,momentum_60,10
2024-10-04,-0.182624,38,old_thin,momentum_60,10
2024-10-07,-0.019805,38,old_thin,momentum_60,10
2024-10-08,-0.087209,38,old_thin,momentum_60,10
2024-10-09,-0.083926,38,old_thin,momentum_60,10
2024-10-10,-0.071014,38,old_thin,momentum_60,10
2024-10-11,-0.017836,38,old_thin,momentum_60,10
2024-10-14,-0.028559,38,old_thin,momentum_60,10
2024-10-15,-0.047598,38,old_thin,momentum_60,10
2024-10-16,0.06423,38,old_thin,momentum_60,10
2024-10-17,0.02265,38,old_thin,momentum_60,10
2024-10-18,0.014115,38,old_thin,momentum_60,10
2024-10-21,-0.149141,38,old_thin,momentum_60,10
2024-10-22,-0.004049,38,old_thin,momentum_60,10
2024-10-23,-0.14367,38,old_thin,momentum_60,10
2024-10-24,0.176934,38,old_thin,momentum_60,10
2024-10-25,0.182077,37,old_thin,momentum_60,10
2024-10-28,0.259219,38,old_thin,momentum_60,10
2024-10-29,0.276288,38,old_thin,momentum_60,10
2024-10-30,0.355947,38,old_thin,momentum_60,10
2024-10-31,0.242587,38,old_thin,momentum_60,10
2024-11-01,0.220265,38,old_thin,momentum_60,10
2024-11-04,0.155706,38,old_thin,momentum_60,10
2024-11-05,0.248714,38,old_thin,momentum_60,10
2024-11-06,0.13798,38,old_thin,momentum_60,10
2024-11-07,0.321589,38,old_thin,momentum_60,10
2024-11-08,0.292483,38,old_thin,momentum_60,10
2024-11-11,0.239304,38,old_thin,momentum_60,10
2024-11-12,0.252872,38,old_thin,momentum_60,10
2024-11-13,0.341285,38,old_thin,momentum_60,10
2024-11-14,0.377175,38,old_thin,momentum_60,10
2024-11-15,-0.02834,38,old_thin,momentum_60,10
2024-11-18,0.107123,38,old_thin,momentum_60,10
2024-11-19,0.111719,38,old_thin,momentum_60,10
2024-11-20,0.283291,38,old_thin,momentum_60,10
2024-11-21,0.332531,38,old_thin,momentum_60,10
2024-11-22,0.229675,38,old_thin,momentum_60,10
2024-11-25,0.086552,38,old_thin,momentum_60,10
2024-11-26,0.321808,38,old_thin,momentum_60,10
2024-11-27,0.228143,38,old_thin,momentum_60,10
2024-11-29,0.212386,38,old_thin,momentum_60,10
2024-12-02,0.401685,38,old_thin,momentum_60,10
2024-12-03,0.196411,38,old_thin,momentum_60,10
2024-12-04,-0.098151,38,old_thin,momentum_60,10
2024-12-05,-0.088522,38,old_thin,momentum_60,10
2024-12-06,-0.091586,38,old_thin,momentum_60,10
2024-12-09,0.099683,38,old_thin,momentum_60,10
2024-12-10,0.252872,38,old_thin,momentum_60,10
2024-12-11,0.106686,38,old_thin,momentum_60,10
2024-12-12,-0.04541,38,old_thin,momentum_60,10
2024-12-13,-0.066419,38,old_thin,momentum_60,10
2024-12-16,-0.465368,38,old_thin,momentum_60,10
2024-12-17,-0.223985,38,old_thin,momentum_60,10
2024-12-18,-0.086114,38,old_thin,momentum_60,10
2024-12-19,-0.06051,38,old_thin,momentum_60,10
2024-12-20,-0.484626,38,old_thin,momentum_60,10
2024-12-23,-0.34216,38,old_thin,momentum_60,10
2024-12-24,-0.425539,38,old_thin,momentum_60,10
2024-12-26,-0.641317,38,old_thin,momentum_60,10
2024-12-27,-0.361637,38,old_thin,momentum_60,10
2024-12-30,-0.133166,38,old_thin,momentum_60,10
2024-12-31,-0.030966,38,old_thin,momentum_60,10
2025-01-02,0.075172,38,old_thin,momentum_60,10
2025-01-03,0.015647,38,old_thin,momentum_60,10
2025-01-06,0.076485,38,old_thin,momentum_60,10
2025-01-07,0.363388,38,old_thin,momentum_60,10
2025-01-08,0.340628,38,old_thin,momentum_60,10
2025-01-10,0.02265,38,old_thin,momentum_60,10
2025-01-13,0.239523,38,old_thin,momentum_60,10
2025-01-14,0.239304,38,old_thin,momentum_60,10
2025-01-15,0.1115,38,old_thin,momentum_60,10
2025-01-16,0.137761,38,old_thin,momentum_60,10
2025-01-17,-0.042784,38,old_thin,momentum_60,10
2025-01-21,0.087209,38,old_thin,momentum_60,10
2025-01-22,-0.100558,38,old_thin,momentum_60,10
2025-01-23,0.041908,38,old_thin,momentum_60,10
2025-01-24,0.132947,38,old_thin,momentum_60,10
2025-01-27,0.209104,38,old_thin,momentum_60,10
2025-01-28,0.027246,38,old_thin,momentum_60,10
2025-01-29,0.153737,38,old_thin,momentum_60,10
2025-01-30,0.362731,38,old_thin,momentum_60,10
2025-01-31,0.116971,38,old_thin,momentum_60,10
2025-02-03,0.084801,38,old_thin,momentum_60,10
2025-02-04,-0.07189,38,old_thin,momentum_60,10
2025-02-05,-0.099683,38,old_thin,momentum_60,10
2025-02-06,-0.317431,38,old_thin,momentum_60,10
2025-02-07,-0.401029,38,old_thin,momentum_60,10
2025-02-10,-0.294015,38,old_thin,momentum_60,10
2025-02-11,-0.343692,38,old_thin,momentum_60,10
2025-02-12,-0.37433,38,old_thin,momentum_60,10
2025-02-13,-0.385272,38,old_thin,momentum_60,10
2025-02-14,-0.306051,38,old_thin,momentum_60,10
2025-02-18,-0.376737,38,old_thin,momentum_60,10
2025-02-19,-0.27782,38,old_thin,momentum_60,10
2025-02-20,-0.342817,38,old_thin,momentum_60,10
2025-02-21,-0.309115,38,old_thin,momentum_60,10
2025-02-24,-0.101215,38,old_thin,momentum_60,10
2025-02-25,-0.065981,38,old_thin,momentum_60,10
2025-02-26,-0.063355,38,old_thin,momentum_60,10
2025-02-27,-0.002517,38,old_thin,momentum_60,10
2025-02-28,0.039282,38,old_thin,momentum_60,10
2025-03-03,-0.10406,38,old_thin,momentum_60,10
2025-03-04,0.171463,38,old_thin,momentum_60,10
2025-03-05,0.103622,38,old_thin,momentum_60,10
2025-03-06,0.060072,38,old_thin,momentum_60,10
2025-03-07,0.046285,38,old_thin,momentum_60,10
2025-03-10,-0.420506,38,old_thin,momentum_60,10
2025-03-11,-0.213481,38,old_thin,momentum_60,10
2025-03-12,0.199256,38,old_thin,momentum_60,10
2025-03-13,0.168399,38,old_thin,momentum_60,10
2025-03-14,0.309552,38,old_thin,momentum_60,10
2025-03-17,0.358354,38,old_thin,momentum_60,10
2025-03-18,0.320932,38,old_thin,momentum_60,10
2025-03-19,0.202976,38,old_thin,momentum_60,10
2025-03-20,0.241711,38,old_thin,momentum_60,10
2025-03-21,0.108218,38,old_thin,momentum_60,10
2025-03-24,0.195754,38,old_thin,momentum_60,10
2025-03-25,0.331656,38,old_thin,momentum_60,10
2025-03-26,-0.142795,38,old_thin,momentum_60,10
2025-03-27,-0.046723,38,old_thin,momentum_60,10
2025-03-28,-0.129445,38,old_thin,momentum_60,10
2025-03-31,-0.115002,38,old_thin,momentum_60,10
2025-04-01,-0.012146,38,old_thin,momentum_60,10
2025-04-02,0.225955,38,old_thin,momentum_60,10
2025-04-03,0.179122,38,old_thin,momentum_60,10
2025-04-04,0.193128,38,old_thin,momentum_60,10
2025-04-07,0.244337,38,old_thin,momentum_60,10
2025-04-08,-0.191159,38,old_thin,momentum_60,10
2025-04-09,0.219171,38,old_thin,momentum_60,10
2025-04-10,-0.273662,38,old_thin,momentum_60,10
2024-10-02,-0.220921,38,old_thin,momentum_60,20
2024-10-03,-0.090054,38,old_thin,momentum_60,20
2024-10-04,-0.081519,38,old_thin,momentum_60,20
2024-10-07,-0.018711,38,old_thin,momentum_60,20
2024-10-08,-0.04541,38,old_thin,momentum_60,20
2024-10-09,-0.136667,38,old_thin,momentum_60,20
2024-10-10,0.01696,38,old_thin,momentum_60,20
2024-10-11,0.054601,38,old_thin,momentum_60,20
2024-10-14,0.065981,38,old_thin,momentum_60,20
2024-10-15,0.184812,38,old_thin,momentum_60,20
2024-10-16,0.132509,38,old_thin,momentum_60,20
2024-10-17,0.034468,38,old_thin,momentum_60,20
2024-10-18,0.0662,38,old_thin,momentum_60,20
2024-10-21,-0.004267,38,old_thin,momentum_60,20
2024-10-22,0.095087,38,old_thin,momentum_60,20
2024-10-23,0.061604,38,old_thin,momentum_60,20
2024-10-24,0.208228,38,old_thin,momentum_60,20
2024-10-25,0.114746,37,old_thin,momentum_60,20
2024-10-28,0.229018,38,old_thin,momentum_60,20
2024-10-29,0.21173,38,old_thin,momentum_60,20
2024-10-30,0.293796,38,old_thin,momentum_60,20
2024-10-31,0.242149,38,old_thin,momentum_60,20
2024-11-01,0.298829,38,old_thin,momentum_60,20
2024-11-04,0.333406,38,old_thin,momentum_60,20
2024-11-05,0.287012,38,old_thin,momentum_60,20
2024-11-06,0.264471,38,old_thin,momentum_60,20
2024-11-07,0.441733,38,old_thin,momentum_60,20
2024-11-08,0.40256,38,old_thin,momentum_60,20
2024-11-11,0.32706,38,old_thin,momentum_60,20
2024-11-12,0.38002,38,old_thin,momentum_60,20
2024-11-13,0.427946,38,old_thin,momentum_60,20
2024-11-14,0.336032,38,old_thin,momentum_60,20
2024-11-15,0.16446,38,old_thin,momentum_60,20
2024-11-18,0.139512,38,old_thin,momentum_60,20
2024-11-19,0.121786,38,old_thin,momentum_60,20
2024-11-20,0.13995,38,old_thin,momentum_60,20
2024-11-21,0.247401,38,old_thin,momentum_60,20
2024-11-22,0.173214,38,old_thin,momentum_60,20
2024-11-25,0.132509,38,old_thin,momentum_60,20
2024-11-26,0.196192,38,old_thin,momentum_60,20
2024-11-27,0.127913,38,old_thin,momentum_60,20
2024-11-29,0.140169,38,old_thin,momentum_60,20
2024-12-02,0.135135,38,old_thin,momentum_60,20
2024-12-03,0.099683,38,old_thin,momentum_60,20
2024-12-04,0.060729,38,old_thin,momentum_60,20
2024-12-05,0.08699,38,old_thin,momentum_60,20
2024-12-06,-0.167524,38,old_thin,momentum_60,20
2024-12-09,-0.078674,38,old_thin,momentum_60,20
2024-12-10,-0.013896,38,old_thin,momentum_60,20
2024-12-11,-0.375862,38,old_thin,momentum_60,20
2024-12-12,-0.254404,38,old_thin,momentum_60,20
2024-12-13,-0.140387,38,old_thin,momentum_60,20
2024-12-16,-0.382427,38,old_thin,momentum_60,20
2024-12-17,-0.182186,38,old_thin,momentum_60,20
2024-12-18,-0.076923,38,old_thin,momentum_60,20
2024-12-19,0.00186,38,old_thin,momentum_60,20
2024-12-20,-0.126819,38,old_thin,momentum_60,20
2024-12-23,-0.069482,38,old_thin,momentum_60,20
2024-12-24,-0.337127,38,old_thin,momentum_60,20
2024-12-26,-0.152424,38,old_thin,momentum_60,20
2024-12-27,-0.068388,38,old_thin,momentum_60,20
2024-12-30,-0.091148,38,old_thin,momentum_60,20
2024-12-31,0.156801,38,old_thin,momentum_60,20
2025-01-02,0.151329,38,old_thin,momentum_60,20
2025-01-03,0.199694,38,old_thin,momentum_60,20
2025-01-06,0.023526,38,old_thin,momentum_60,20
2025-01-07,0.222672,38,old_thin,momentum_60,20
2025-01-08,0.199037,38,old_thin,momentum_60,20
2025-01-10,0.254842,38,old_thin,momentum_60,20
2025-01-13,0.25134,38,old_thin,momentum_60,20
2025-01-14,0.264033,38,old_thin,momentum_60,20
2025-01-15,0.234052,38,old_thin,momentum_60,20
2025-01-16,0.106904,38,old_thin,momentum_60,20
2025-01-17,-0.012583,38,old_thin,momentum_60,20
2025-01-21,-0.035343,38,old_thin,momentum_60,20
2025-01-22,-0.148922,38,old_thin,momentum_60,20
2025-01-23,-0.160302,38,old_thin,momentum_60,20
2025-01-24,-0.179779,38,old_thin,momentum_60,20
2025-01-27,-0.128132,38,old_thin,momentum_60,20
2025-01-28,-0.201007,38,old_thin,momentum_60,20
2025-01-29,-0.25331,38,old_thin,momentum_60,20
2025-01-30,-0.271255,38,old_thin,momentum_60,20
2025-01-31,-0.27979,38,old_thin,momentum_60,20
2025-02-03,-0.377394,38,old_thin,momentum_60,20
2025-02-04,-0.490097,38,old_thin,momentum_60,20
2025-02-05,-0.476529,38,old_thin,momentum_60,20
2025-02-06,-0.539556,38,old_thin,momentum_60,20
2025-02-07,-0.503009,38,old_thin,momentum_60,20
2025-02-10,-0.401904,38,old_thin,momentum_60,20
2025-02-11,-0.397746,38,old_thin,momentum_60,20
2025-02-12,-0.529489,38,old_thin,momentum_60,20
2025-02-13,-0.563628,38,old_thin,momentum_60,20
2025-02-14,-0.464493,38,old_thin,momentum_60,20
2025-02-18,-0.435606,38,old_thin,momentum_60,20
2025-02-19,-0.346099,38,old_thin,momentum_60,20
2025-02-20,-0.273881,38,old_thin,momentum_60,20
2025-02-21,-0.087646,38,old_thin,momentum_60,20
2025-02-24,-0.021775,38,old_thin,momentum_60,20
2025-02-25,-0.082832,38,old_thin,momentum_60,20
2025-02-26,-0.090491,38,old_thin,momentum_60,20
2025-02-27,0.006456,38,old_thin,momentum_60,20
2025-02-28,0.040158,38,old_thin,momentum_60,20
2025-03-03,0.019586,38,old_thin,momentum_60,20
2025-03-04,0.188752,38,old_thin,momentum_60,20
2025-03-05,0.13798,38,old_thin,momentum_60,20
2025-03-06,0.301236,38,old_thin,momentum_60,20
2025-03-07,0.37805,38,old_thin,momentum_60,20
2025-03-10,0.01127,38,old_thin,momentum_60,20
2025-03-11,0.270161,38,old_thin,momentum_60,20
2025-03-12,0.17387,38,old_thin,momentum_60,20
2025-03-13,0.089397,38,old_thin,momentum_60,20
2025-03-14,0.139293,38,old_thin,momentum_60,20
2025-03-17,0.154174,38,old_thin,momentum_60,20
2025-03-18,0.11522,38,old_thin,momentum_60,20
2025-03-19,0.198162,38,old_thin,momentum_60,20
2025-03-20,0.19466,38,old_thin,momentum_60,20
2025-03-21,0.274319,38,old_thin,momentum_60,20
2025-03-24,0.322245,38,old_thin,momentum_60,20
2025-03-25,0.268629,38,old_thin,momentum_60,20
2025-03-26,0.017617,38,old_thin,momentum_60,20
2025-03-27,-0.208666,38,old_thin,momentum_60,20
2024-10-02,-0.028121,38,old_thin,momentum_60,60
2024-10-03,0.026589,38,old_thin,momentum_60,60
2024-10-04,0.11347,38,old_thin,momentum_60,60
2024-10-07,0.078455,38,old_thin,momentum_60,60
2024-10-08,0.053288,38,old_thin,momentum_60,60
2024-10-09,0.017617,38,old_thin,momentum_60,60
2024-10-10,0.120692,38,old_thin,momentum_60,60
2024-10-11,0.119816,38,old_thin,momentum_60,60
2024-10-14,0.067513,38,old_thin,momentum_60,60
2024-10-15,0.129008,38,old_thin,momentum_60,60
2024-10-16,0.09071,38,old_thin,momentum_60,60
2024-10-17,0.106904,38,old_thin,momentum_60,60
2024-10-18,0.130977,38,old_thin,momentum_60,60
2024-10-21,0.069045,38,old_thin,momentum_60,60
2024-10-22,0.131196,38,old_thin,momentum_60,60
2024-10-23,0.215888,38,old_thin,momentum_60,60
2024-10-24,0.261626,38,old_thin,momentum_60,60
2024-10-25,0.281887,37,old_thin,momentum_60,60
2024-10-28,0.275194,38,old_thin,momentum_60,60
2024-10-29,0.320276,38,old_thin,momentum_60,60
2024-10-30,0.4216,38,old_thin,momentum_60,60
2024-10-31,0.368859,38,old_thin,momentum_60,60
2024-11-01,0.386147,38,old_thin,momentum_60,60
2024-11-04,0.31196,38,old_thin,momentum_60,60
2024-11-05,0.34785,38,old_thin,momentum_60,60
2024-11-06,0.345005,38,old_thin,momentum_60,60
2024-11-07,0.385272,38,old_thin,momentum_60,60
2024-11-08,0.407594,38,old_thin,momentum_60,60
2024-11-11,0.266878,38,old_thin,momentum_60,60
2024-11-12,0.247839,38,old_thin,momentum_60,60
2024-11-13,0.288106,38,old_thin,momentum_60,60
2024-11-14,0.303206,38,old_thin,momentum_60,60
2024-11-15,0.218295,38,old_thin,momentum_60,60
2024-11-18,0.184812,38,old_thin,momentum_60,60
2024-11-19,0.226611,38,old_thin,momentum_60,60
2024-11-20,0.174746,38,old_thin,momentum_60,60
2024-11-21,0.129445,38,old_thin,momentum_60,60
2024-11-22,0.08699,38,old_thin,momentum_60,60
2024-11-25,0.031842,38,old_thin,momentum_60,60
2024-11-26,-0.023307,38,old_thin,momentum_60,60
2024-11-27,-0.041908,38,old_thin,momentum_60,60
2024-11-29,-0.018054,38,old_thin,momentum_60,60
2024-12-02,-0.064449,38,old_thin,momentum_60,60
2024-12-03,-0.200131,38,old_thin,momentum_60,60
2024-12-04,-0.241274,38,old_thin,momentum_60,60
2024-12-05,-0.370609,38,old_thin,momentum_60,60
2024-12-06,-0.409782,38,old_thin,momentum_60,60
2024-12-09,-0.428822,38,old_thin,momentum_60,60
2024-12-10,-0.362731,38,old_thin,momentum_60,60
2024-12-11,-0.370828,38,old_thin,momentum_60,60
2024-12-12,-0.392056,38,old_thin,momentum_60,60
2024-12-13,-0.326841,38,old_thin,momentum_60,60
2024-12-16,-0.388117,38,old_thin,momentum_60,60
2024-12-17,-0.4669,38,old_thin,momentum_60,60
2024-12-18,-0.336251,38,old_thin,momentum_60,60
2024-12-19,-0.395339,38,old_thin,momentum_60,60
2024-12-20,-0.418536,38,old_thin,momentum_60,60
2024-12-23,-0.391399,38,old_thin,momentum_60,60
2024-12-24,-0.369515,38,old_thin,momentum_60,60
2024-12-26,-0.398621,38,old_thin,momentum_60,60
2024-12-27,-0.421162,38,old_thin,momentum_60,60
2024-12-30,-0.417442,38,old_thin,momentum_60,60
2024-12-31,-0.391618,38,old_thin,momentum_60,60
2025-01-02,-0.366014,38,old_thin,momentum_60,60
2025-01-03,-0.364701,38,old_thin,momentum_60,60
2025-01-06,-0.388555,38,old_thin,momentum_60,60
2025-01-07,-0.321808,38,old_thin,momentum_60,60
2025-01-08,-0.24762,38,old_thin,momentum_60,60
2025-01-10,-0.196411,38,old_thin,momentum_60,60
2025-01-13,-0.124412,38,old_thin,momentum_60,60
2025-01-14,-0.1266,38,old_thin,momentum_60,60
2025-01-15,-0.18328,38,old_thin,momentum_60,60
2025-01-16,-0.261407,38,old_thin,momentum_60,60
2025-01-17,-0.303425,38,old_thin,momentum_60,60
2025-01-21,-0.263158,38,old_thin,momentum_60,60
2025-01-22,-0.288762,38,old_thin,momentum_60,60
2025-01-23,-0.283291,38,old_thin,momentum_60,60
2025-01-24,-0.200788,38,old_thin,momentum_60,60
2025-01-27,-0.10581,38,old_thin,momentum_60,60
2025-01-28,-0.117628,38,old_thin,momentum_60,60
2025-01-29,-0.106686,38,old_thin,momentum_60,60
2024-10-02,0.287668,38,old_thin,reversal_5,5
2024-10-03,0.131196,38,old_thin,reversal_5,5
2024-10-04,-0.127694,38,old_thin,reversal_5,5
2024-10-07,-0.138637,38,old_thin,reversal_5,5
2024-10-08,-0.070139,38,old_thin,reversal_5,5
2024-10-09,0.02834,38,old_thin,reversal_5,5
2024-10-10,0.107123,38,old_thin,reversal_5,5
2024-10-11,0.167743,38,old_thin,reversal_5,5
2024-10-14,-0.187876,38,old_thin,reversal_5,5
2024-10-15,0.035124,38,old_thin,reversal_5,5
2024-10-16,0.069701,38,old_thin,reversal_5,5
2024-10-17,0.278258,38,old_thin,reversal_5,5
2024-10-18,0.302987,38,old_thin,reversal_5,5
2024-10-21,0.110406,38,old_thin,reversal_5,5
2024-10-22,0.00186,38,old_thin,reversal_5,5
2024-10-23,0.009957,38,old_thin,reversal_5,5
2024-10-24,-0.062479,38,old_thin,reversal_5,5
2024-10-25,-0.009957,37,old_thin,reversal_5,5
2024-10-28,0.116534,38,old_thin,reversal_5,5
2024-10-29,0.217858,38,old_thin,reversal_5,5
2024-10-30,-0.296203,38,old_thin,reversal_5,5
2024-10-31,0.120473,38,old_thin,reversal_5,5
2024-11-01,0.140387,38,old_thin,reversal_5,5
2024-11-04,0.198599,38,old_thin,reversal_5,5
2024-11-05,-0.064011,38,old_thin,reversal_5,5
2024-11-06,0.05285,38,old_thin,reversal_5,5
2024-11-07,-0.150892,38,old_thin,reversal_5,5
2024-11-08,-0.053507,38,old_thin,reversal_5,5
2024-11-11,-0.101215,38,old_thin,reversal_5,5
2024-11-12,-0.344786,38,old_thin,reversal_5,5
2024-11-13,-0.213481,38,old_thin,reversal_5,5
2024-11-14,-0.373236,38,old_thin,reversal_5,5
2024-11-15,-0.136448,38,old_thin,reversal_5,5
2024-11-18,-0.10012,38,old_thin,reversal_5,5
2024-11-19,0.122442,38,old_thin,reversal_5,5
2024-11-20,0.148485,38,old_thin,reversal_5,5
2024-11-21,0.041471,38,old_thin,reversal_5,5
2024-11-22,0.250246,38,old_thin,reversal_5,5
2024-11-25,-0.041471,38,old_thin,reversal_5,5
2024-11-26,0.027465,38,old_thin,reversal_5,5
2024-11-27,0.129008,38,old_thin,reversal_5,5
2024-11-29,-0.074516,38,old_thin,reversal_5,5
2024-12-02,-0.19291,38,old_thin,reversal_5,5
2024-12-03,-0.130102,38,old_thin,reversal_5,5
2024-12-04,0.078236,38,old_thin,reversal_5,5
2024-12-05,-0.103622,38,old_thin,reversal_5,5
2024-12-06,-0.138855,38,old_thin,reversal_5,5
2024-12-09,-0.613743,38,old_thin,reversal_5,5
2024-12-10,-0.389868,38,old_thin,reversal_5,5
2024-12-11,-0.46318,38,old_thin,reversal_5,5
2024-12-12,-0.288762,38,old_thin,reversal_5,5
2024-12-13,-0.055039,38,old_thin,reversal_5,5
2024-12-16,0.170806,38,old_thin,reversal_5,5
2024-12-17,0.191596,38,old_thin,reversal_5,5
2024-12-18,-0.045191,38,old_thin,reversal_5,5
2024-12-19,-0.245213,38,old_thin,reversal_5,5
2024-12-20,0.095087,38,old_thin,reversal_5,5
2024-12-23,-0.167743,38,old_thin,reversal_5,5
2024-12-24,-0.133822,38,old_thin,reversal_5,5
2024-12-26,0.041689,38,old_thin,reversal_5,5
2024-12-27,-0.207572,38,old_thin,reversal_5,5
2024-12-30,-0.281322,38,old_thin,reversal_5,5
2024-12-31,0.168399,38,old_thin,reversal_5,5
2025-01-02,-0.151548,38,old_thin,reversal_5,5
2025-01-03,-0.078674,38,old_thin,reversal_5,5
2025-01-06,0.152205,38,old_thin,reversal_5,5
2025-01-07,-0.152861,38,old_thin,reversal_5,5
2025-01-08,-0.228362,38,old_thin,reversal_5,5
2025-01-10,0.004049,38,old_thin,reversal_5,5
2025-01-13,0.144108,38,old_thin,reversal_5,5
2025-01-14,0.433198,38,old_thin,reversal_5,5
2025-01-15,0.113907,38,old_thin,reversal_5,5
2025-01-16,0.039939,38,old_thin,reversal_5,5
2025-01-17,0.301893,38,old_thin,reversal_5,5
2025-01-21,0.285917,38,old_thin,reversal_5,5
2025-01-22,0.484626,38,old_thin,reversal_5,5
2025-01-23,0.312835,38,old_thin,reversal_5,5
2025-01-24,0.059635,38,old_thin,reversal_5,5
2025-01-27,0.059416,38,old_thin,reversal_5,5
2025-01-28,0.047379,38,old_thin,reversal_5,5
2025-01-29,-0.076048,38,old_thin,reversal_5,5
2025-01-30,-0.042784,38,old_thin,reversal_5,5
2025-01-31,-0.078236,38,old_thin,reversal_5,5
2025-02-03,-0.218952,38,old_thin,reversal_5,5
2025-02-04,-0.021775,38,old_thin,reversal_5,5
2025-02-05,-0.212168,38,old_thin,reversal_5,5
2025-02-06,-0.155706,38,old_thin,reversal_5,5
2025-02-07,-0.158551,38,old_thin,reversal_5,5
2025-02-10,-0.188095,38,old_thin,reversal_5,5
2025-02-11,-0.020681,38,old_thin,reversal_5,5
2025-02-12,0.121348,38,old_thin,reversal_5,5
2025-02-13,0.116315,38,old_thin,reversal_5,5
2025-02-14,0.069482,38,old_thin,reversal_5,5
2025-02-18,0.062261,38,old_thin,reversal_5,5
2025-02-19,0.079549,38,old_thin,reversal_5,5
2025-02-20,-0.070358,38,old_thin,reversal_5,5
2025-02-21,-0.326841,38,old_thin,reversal_5,5
2025-02-24,-0.463836,38,old_thin,reversal_5,5
2025-02-25,-0.328811,38,old_thin,reversal_5,5
2025-02-26,-0.265565,38,old_thin,reversal_5,5
2025-02-27,-0.37433,38,old_thin,reversal_5,5
2025-02-28,-0.10209,38,old_thin,reversal_5,5
2025-03-03,-0.046066,38,old_thin,reversal_5,5
2025-03-04,0.024401,38,old_thin,reversal_5,5
2025-03-05,0.322902,38,old_thin,reversal_5,5
2025-03-06,0.262501,38,old_thin,reversal_5,5
2025-03-07,0.214356,38,old_thin,reversal_5,5
2025-03-10,0.452675,38,old_thin,reversal_5,5
2025-03-11,0.004486,38,old_thin,reversal_5,5
2025-03-12,-0.083051,38,old_thin,reversal_5,5
2025-03-13,-0.278258,38,old_thin,reversal_5,5
2025-03-14,-0.054601,38,old_thin,reversal_5,5
2025-03-17,-0.302987,38,old_thin,reversal_5,5
2025-03-18,-0.020899,38,old_thin,reversal_5,5
2025-03-19,-0.002298,38,old_thin,reversal_5,5
2025-03-20,0.275632,38,old_thin,reversal_5,5
2025-03-21,-0.131196,38,old_thin,reversal_5,5
2025-03-24,0.296203,38,old_thin,reversal_5,5
2025-03-25,0.642193,38,old_thin,reversal_5,5
2025-03-26,-0.051975,38,old_thin,reversal_5,5
2025-03-27,-0.14367,38,old_thin,reversal_5,5
2025-03-28,-0.365576,38,old_thin,reversal_5,5
2025-03-31,0.057227,38,old_thin,reversal_5,5
2025-04-01,-0.081738,38,old_thin,reversal_5,5
2025-04-02,0.111062,38,old_thin,reversal_5,5
2025-04-03,0.101433,38,old_thin,reversal_5,5
2025-04-04,0.125725,38,old_thin,reversal_5,5
2025-04-07,-0.232958,38,old_thin,reversal_5,5
2025-04-08,0.09268,38,old_thin,reversal_5,5
2025-04-09,-0.156144,38,old_thin,reversal_5,5
2025-04-10,0.401904,38,old_thin,reversal_5,5
2025-04-11,0.437138,38,old_thin,reversal_5,5
2025-04-14,0.296641,38,old_thin,reversal_5,5
2025-04-15,0.088741,38,old_thin,reversal_5,5
2025-04-16,0.25331,38,old_thin,reversal_5,5
2025-04-17,0.285917,38,old_thin,reversal_5,5
2024-10-02,0.114564,38,old_thin,reversal_5,10
2024-10-03,0.268629,38,old_thin,reversal_5,10
2024-10-04,0.1417,38,old_thin,reversal_5,10
2024-10-07,0.027684,38,old_thin,reversal_5,10
2024-10-08,-0.181967,38,old_thin,reversal_5,10
2024-10-09,-0.062698,38,old_thin,reversal_5,10
2024-10-10,0.091367,38,old_thin,reversal_5,10
2024-10-11,0.025495,38,old_thin,reversal_5,10
2024-10-14,-0.091804,38,old_thin,reversal_5,10
2024-10-15,0.165335,38,old_thin,reversal_5,10
2024-10-16,0.127694,38,old_thin,reversal_5,10
2024-10-17,0.339315,38,old_thin,reversal_5,10
2024-10-18,0.029653,38,old_thin,reversal_5,10
2024-10-21,-0.07758,38,old_thin,reversal_5,10
2024-10-22,-0.094649,38,old_thin,reversal_5,10
2024-10-23,0.086771,38,old_thin,reversal_5,10
2024-10-24,-0.375862,38,old_thin,reversal_5,10
2024-10-25,-0.206733,37,old_thin,reversal_5,10
2024-10-28,-0.270817,38,old_thin,reversal_5,10
2024-10-29,-0.301455,38,old_thin,reversal_5,10
2024-10-30,-0.490535,38,old_thin,reversal_5,10
2024-10-31,-0.153737,38,old_thin,reversal_5,10
2024-11-01,-0.155925,38,old_thin,reversal_5,10
2024-11-04,-0.017836,38,old_thin,reversal_5,10
2024-11-05,-0.091586,38,old_thin,reversal_5,10
2024-11-06,-0.007988,38,old_thin,reversal_5,10
2024-11-07,-0.165773,38,old_thin,reversal_5,10
2024-11-08,-0.088522,38,old_thin,reversal_5,10
2024-11-11,-0.106248,38,old_thin,reversal_5,10
2024-11-12,-0.210417,38,old_thin,reversal_5,10
2024-11-13,-0.225298,38,old_thin,reversal_5,10
2024-11-14,-0.455083,38,old_thin,reversal_5,10
2024-11-15,0.046504,38,old_thin,reversal_5,10
2024-11-18,-0.077798,38,old_thin,reversal_5,10
2024-11-19,0.008425,38,old_thin,reversal_5,10
2024-11-20,0.013896,38,old_thin,reversal_5,10
2024-11-21,-0.056133,38,old_thin,reversal_5,10
2024-11-22,0.011489,38,old_thin,reversal_5,10
2024-11-25,0.073203,38,old_thin,reversal_5,10
2024-11-26,0.242149,38,old_thin,reversal_5,10
2024-11-27,0.219608,38,old_thin,reversal_5,10
2024-11-29,0.071014,38,old_thin,reversal_5,10
2024-12-02,-0.218076,38,old_thin,reversal_5,10
2024-12-03,-0.197724,38,old_thin,reversal_5,10
2024-12-04,0.054382,38,old_thin,reversal_5,10
2024-12-05,-0.120035,38,old_thin,reversal_5,10
2024-12-06,0.003611,38,old_thin,reversal_5,10
2024-12-09,-0.241493,38,old_thin,reversal_5,10
2024-12-10,-0.221359,38,old_thin,reversal_5,10
2024-12-11,-0.283729,38,old_thin,reversal_5,10
2024-12-12,-0.10778,38,old_thin,reversal_5,10
2024-12-13,-0.069482,38,old_thin,reversal_5,10
2024-12-16,0.31765,38,old_thin,reversal_5,10
2024-12-17,0.373454,38,old_thin,reversal_5,10
2024-12-18,0.226611,38,old_thin,reversal_5,10
2024-12-19,0.146734,38,old_thin,reversal_5,10
2024-12-20,0.253091,38,old_thin,reversal_5,10
2024-12-23,0.060072,38,old_thin,reversal_5,10
2024-12-24,0.014334,38,old_thin,reversal_5,10
2024-12-26,0.343473,38,old_thin,reversal_5,10
2024-12-27,-0.043221,38,old_thin,reversal_5,10
2024-12-30,-0.040814,38,old_thin,reversal_5,10
2024-12-31,-0.041033,38,old_thin,reversal_5,10
2025-01-02,-0.102965,38,old_thin,reversal_5,10
2025-01-03,-0.287887,38,old_thin,reversal_5,10
2025-01-06,-0.253091,38,old_thin,reversal_5,10
2025-01-07,-0.104497,38,old_thin,reversal_5,10
2025-01-08,-0.163803,38,old_thin,reversal_5,10
2025-01-10,0.312616,38,old_thin,reversal_5,10
2025-01-13,0.163366,38,old_thin,reversal_5,10
2025-01-14,0.021556,38,old_thin,reversal_5,10
2025-01-15,0.009738,38,old_thin,reversal_5,10
2025-01-16,0.040158,38,old_thin,reversal_5,10
2025-01-17,0.228143,38,old_thin,reversal_5,10
2025-01-21,0.271912,38,old_thin,reversal_5,10
2025-01-22,0.314805,38,old_thin,reversal_5,10
2025-01-23,0.116096,38,old_thin,reversal_5,10
2025-01-24,-0.05854,38,old_thin,reversal_5,10
2025-01-27,0.081519,38,old_thin,reversal_5,10
2025-01-28,-0.034905,38,old_thin,reversal_5,10
2025-01-29,-0.157019,38,old_thin,reversal_5,10
2025-01-30,-0.070358,38,old_thin,reversal_5,10
2025-01-31,-0.172557,38,old_thin,reversal_5,10
2025-02-03,-0.105373,38,old_thin,reversal_5,10
2025-02-04,-0.084145,38,old_thin,reversal_5,10
2025-02-05,-0.117847,38,old_thin,reversal_5,10
2025-02-06,-0.011927,38,old_thin,reversal_5,10
2025-02-07,-0.032936,38,old_thin,reversal_5,10
2025-02-10,0.053507,38,old_thin,reversal_5,10
2025-02-11,-0.336251,38,old_thin,reversal_5,10
2025-02-12,0.029872,38,old_thin,reversal_5,10
2025-02-13,0.11916,38,old_thin,reversal_5,10
2025-02-14,0.136667,38,old_thin,reversal_5,10
2025-02-18,0.0964,38,old_thin,reversal_5,10
2025-02-19,0.076485,38,old_thin,reversal_5,10
2025-02-20,-0.076485,38,old_thin,reversal_5,10
2025-02-21,-0.44414,38,old_thin,reversal_5,10
2025-02-24,-0.571507,38,old_thin,reversal_5,10
2025-02-25,-0.408469,38,old_thin,reversal_5,10
2025-02-26,-0.250246,38,old_thin,reversal_5,10
2025-02-27,-0.139731,38,old_thin,reversal_5,10
2025-02-28,0.041033,38,old_thin,reversal_5,10
2025-03-03,0.223547,38,old_thin,reversal_5,10
2025-03-04,0.001204,38,old_thin,reversal_5,10
2025-03-05,0.264471,38,old_thin,reversal_5,10
2025-03-06,0.327279,38,old_thin,reversal_5,10
2025-03-07,0.239961,38,old_thin,reversal_5,10
2025-03-10,0.538024,38,old_thin,reversal_5,10
2025-03-11,0.445454,38,old_thin,reversal_5,10
2025-03-12,0.129226,38,old_thin,reversal_5,10
2025-03-13,0.157238,38,old_thin,reversal_5,10
2025-03-14,0.189408,38,old_thin,reversal_5,10
2025-03-17,0.512857,38,old_thin,reversal_5,10
2025-03-18,0.134916,38,old_thin,reversal_5,10
2025-03-19,0.101215,38,old_thin,reversal_5,10
2025-03-20,0.11719,38,old_thin,reversal_5,10
2025-03-21,-0.009738,38,old_thin,reversal_5,10
2025-03-24,0.371485,38,old_thin,reversal_5,10
2025-03-25,0.456396,38,old_thin,reversal_5,10
2025-03-26,0.060291,38,old_thin,reversal_5,10
2025-03-27,-0.011489,38,old_thin,reversal_5,10
2025-03-28,0.085458,38,old_thin,reversal_5,10
2025-03-31,0.169275,38,old_thin,reversal_5,10
2025-04-01,0.143232,38,old_thin,reversal_5,10
2025-04-02,-0.136448,38,old_thin,reversal_5,10
2025-04-03,0.011708,38,old_thin,reversal_5,10
2025-04-04,0.085239,38,old_thin,reversal_5,10
2025-04-07,0.028997,38,old_thin,reversal_5,10
2025-04-08,0.244994,38,old_thin,reversal_5,10
2025-04-09,0.076267,38,old_thin,reversal_5,10
2025-04-10,0.049568,38,old_thin,reversal_5,10
2024-10-02,0.177153,38,old_thin,reversal_5,20
2024-10-03,0.110625,38,old_thin,reversal_5,20
2024-10-04,0.086114,38,old_thin,reversal_5,20
2024-10-07,0.08699,38,old_thin,reversal_5,20
2024-10-08,-0.172119,38,old_thin,reversal_5,20
2024-10-09,-0.132071,38,old_thin,reversal_5,20
2024-10-10,-0.198818,38,old_thin,reversal_5,20
2024-10-11,-0.12288,38,old_thin,reversal_5,20
2024-10-14,-0.259219,38,old_thin,reversal_5,20
2024-10-15,-0.058103,38,old_thin,reversal_5,20
2024-10-16,0.029434,38,old_thin,reversal_5,20
2024-10-17,0.275413,38,old_thin,reversal_5,20
2024-10-18,-0.0964,38,old_thin,reversal_5,20
2024-10-21,-0.230988,38,old_thin,reversal_5,20
2024-10-22,-0.232082,38,old_thin,reversal_5,20
2024-10-23,-0.10209,38,old_thin,reversal_5,20
2024-10-24,-0.537805,38,old_thin,reversal_5,20
2024-10-25,-0.190849,37,old_thin,reversal_5,20
2024-10-28,-0.383302,38,old_thin,reversal_5,20
2024-10-29,-0.354415,38,old_thin,reversal_5,20
2024-10-30,-0.452238,38,old_thin,reversal_5,20
2024-10-31,-0.19291,38,old_thin,reversal_5,20
2024-11-01,-0.1417,38,old_thin,reversal_5,20
2024-11-04,0.07189,38,old_thin,reversal_5,20
2024-11-05,0.058321,38,old_thin,reversal_5,20
2024-11-06,0.072327,38,old_thin,reversal_5,20
2024-11-07,-0.251559,38,old_thin,reversal_5,20
2024-11-08,-0.077798,38,old_thin,reversal_5,20
2024-11-11,-0.124193,38,old_thin,reversal_5,20
2024-11-12,-0.288981,38,old_thin,reversal_5,20
2024-11-13,-0.44239,38,old_thin,reversal_5,20
2024-11-14,-0.217639,38,old_thin,reversal_5,20
2024-11-15,0.017617,38,old_thin,reversal_5,20
2024-11-18,-0.006018,38,old_thin,reversal_5,20
2024-11-19,-0.008425,38,old_thin,reversal_5,20
2024-11-20,0.197068,38,old_thin,reversal_5,20
2024-11-21,0.057884,38,old_thin,reversal_5,20
2024-11-22,0.186782,38,old_thin,reversal_5,20
2024-11-25,0.197724,38,old_thin,reversal_5,20
2024-11-26,0.290732,38,old_thin,reversal_5,20
2024-11-27,0.07189,38,old_thin,reversal_5,20
2024-11-29,-0.100777,38,old_thin,reversal_5,20
2024-12-02,-0.333844,38,old_thin,reversal_5,20
2024-12-03,-0.362731,38,old_thin,reversal_5,20
2024-12-04,-0.101871,38,old_thin,reversal_5,20
2024-12-05,-0.280884,38,old_thin,reversal_5,20
2024-12-06,0.048036,38,old_thin,reversal_5,20
2024-12-09,-0.063574,38,old_thin,reversal_5,20
2024-12-10,0.069045,38,old_thin,reversal_5,20
2024-12-11,0.118941,38,old_thin,reversal_5,20
2024-12-12,0.286136,38,old_thin,reversal_5,20
2024-12-13,0.010395,38,old_thin,reversal_5,20
2024-12-16,0.329686,38,old_thin,reversal_5,20
2024-12-17,0.319838,38,old_thin,reversal_5,20
2024-12-18,0.278477,38,old_thin,reversal_5,20
2024-12-19,0.055258,38,old_thin,reversal_5,20
2024-12-20,0.111938,38,old_thin,reversal_5,20
2024-12-23,0.17956,38,old_thin,reversal_5,20
2024-12-24,0.082613,38,old_thin,reversal_5,20
2024-12-26,0.118065,38,old_thin,reversal_5,20
2024-12-27,0.130977,38,old_thin,reversal_5,20
2024-12-30,0.14367,38,old_thin,reversal_5,20
2024-12-31,-0.030529,38,old_thin,reversal_5,20
2025-01-02,-0.163585,38,old_thin,reversal_5,20
2025-01-03,-0.141263,38,old_thin,reversal_5,20
2025-01-06,0.117847,38,old_thin,reversal_5,20
2025-01-07,0.027684,38,old_thin,reversal_5,20
2025-01-08,-0.084583,38,old_thin,reversal_5,20
2025-01-10,0.277601,38,old_thin,reversal_5,20
2025-01-13,0.090491,38,old_thin,reversal_5,20
2025-01-14,0.046942,38,old_thin,reversal_5,20
2025-01-15,0.001422,38,old_thin,reversal_5,20
2025-01-16,0.075829,38,old_thin,reversal_5,20
2025-01-17,0.078017,38,old_thin,reversal_5,20
2025-01-21,0.180873,38,old_thin,reversal_5,20
2025-01-22,0.262501,38,old_thin,reversal_5,20
2025-01-23,0.164898,38,old_thin,reversal_5,20
2025-01-24,0.167305,38,old_thin,reversal_5,20
2025-01-27,-0.082394,38,old_thin,reversal_5,20
2025-01-28,0.006237,38,old_thin,reversal_5,20
2025-01-29,-0.374986,38,old_thin,reversal_5,20
2025-01-30,-0.461429,38,old_thin,reversal_5,20
2025-01-31,-0.388773,38,old_thin,reversal_5,20
2025-02-03,0.155487,38,old_thin,reversal_5,20
2025-02-04,0.135135,38,old_thin,reversal_5,20
2025-02-05,0.083051,38,old_thin,reversal_5,20
2025-02-06,0.332531,38,old_thin,reversal_5,20
2025-02-07,0.178904,38,old_thin,reversal_5,20
2025-02-10,0.212386,38,old_thin,reversal_5,20
2025-02-11,-0.235146,38,old_thin,reversal_5,20
2025-02-12,0.124631,38,old_thin,reversal_5,20
2025-02-13,0.086114,38,old_thin,reversal_5,20
2025-02-14,0.021556,38,old_thin,reversal_5,20
2025-02-18,0.072984,38,old_thin,reversal_5,20
2025-02-19,0.070358,38,old_thin,reversal_5,20
2025-02-20,-0.136011,38,old_thin,reversal_5,20
2025-02-21,-0.246745,38,old_thin,reversal_5,20
2025-02-24,-0.160959,38,old_thin,reversal_5,20
2025-02-25,0.009957,38,old_thin,reversal_5,20
2025-02-26,0.000109,38,old_thin,reversal_5,20
2025-02-27,-0.156363,38,old_thin,reversal_5,20
2025-02-28,-0.296203,38,old_thin,reversal_5,20
2025-03-03,-0.149141,38,old_thin,reversal_5,20
2025-03-04,-0.00755,38,old_thin,reversal_5,20
2025-03-05,0.121348,38,old_thin,reversal_5,20
2025-03-06,0.027684,38,old_thin,reversal_5,20
2025-03-07,-0.055914,38,old_thin,reversal_5,20
2025-03-10,0.285699,38,old_thin,reversal_5,20
2025-03-11,0.098151,38,old_thin,reversal_5,20
2025-03-12,0.175402,38,old_thin,reversal_5,20
2025-03-13,0.154393,38,old_thin,reversal_5,20
2025-03-14,0.203414,38,old_thin,reversal_5,20
2025-03-17,0.203633,38,old_thin,reversal_5,20
2025-03-18,0.181749,38,old_thin,reversal_5,20
2025-03-19,0.108218,38,old_thin,reversal_5,20
2025-03-20,0.105591,38,old_thin,reversal_5,20
2025-03-21,-0.142357,38,old_thin,reversal_5,20
2025-03-24,0.106248,38,old_thin,reversal_5,20
2025-03-25,0.051975,38,old_thin,reversal_5,20
2025-03-26,0.06992,38,old_thin,reversal_5,20
2025-03-27,0.036875,38,old_thin,reversal_5,20
2024-10-02,0.257468,38,old_thin,reversal_5,60
2024-10-03,0.081738,38,old_thin,reversal_5,60
2024-10-04,-0.023744,38,old_thin,reversal_5,60
2024-10-07,0.110187,38,old_thin,reversal_5,60
2024-10-08,-0.145202,38,old_thin,reversal_5,60
2024-10-09,-0.298392,38,old_thin,reversal_5,60
2024-10-10,-0.290951,38,old_thin,reversal_5,60
2024-10-11,-0.204289,38,old_thin,reversal_5,60
2024-10-14,-0.355947,38,old_thin,reversal_5,60
2024-10-15,-0.173433,38,old_thin,reversal_5,60
2024-10-16,0.079549,38,old_thin,reversal_5,60
2024-10-17,0.271912,38,old_thin,reversal_5,60
2024-10-18,-0.053726,38,old_thin,reversal_5,60
2024-10-21,-0.246088,38,old_thin,reversal_5,60
2024-10-22,-0.208228,38,old_thin,reversal_5,60
2024-10-23,-0.145202,38,old_thin,reversal_5,60
2024-10-24,-0.510669,38,old_thin,reversal_5,60
2024-10-25,-0.217639,37,old_thin,reversal_5,60
2024-10-28,-0.483532,38,old_thin,reversal_5,60
2024-10-29,-0.57851,38,old_thin,reversal_5,60
2024-10-30,-0.672612,38,old_thin,reversal_5,60
2024-10-31,-0.243681,38,old_thin,reversal_5,60
2024-11-01,-0.183499,38,old_thin,reversal_5,60
2024-11-04,0.048474,38,old_thin,reversal_5,60
2024-11-05,0.042127,38,old_thin,reversal_5,60
2024-11-06,-0.029434,38,old_thin,reversal_5,60
2024-11-07,-0.246964,38,old_thin,reversal_5,60
2024-11-08,-0.194004,38,old_thin,reversal_5,60
2024-11-11,-0.173651,38,old_thin,reversal_5,60
2024-11-12,-0.187001,38,old_thin,reversal_5,60
2024-11-13,-0.2288,38,old_thin,reversal_5,60
2024-11-14,-0.227924,38,old_thin,reversal_5,60
2024-11-15,-0.06051,38,old_thin,reversal_5,60
2024-11-18,-0.070577,38,old_thin,reversal_5,60
2024-11-19,-0.070358,38,old_thin,reversal_5,60
2024-11-20,0.210198,38,old_thin,reversal_5,60
2024-11-21,0.109749,38,old_thin,reversal_5,60
2024-11-22,0.124631,38,old_thin,reversal_5,60
2024-11-25,-0.05854,38,old_thin,reversal_5,60
2024-11-26,-0.010614,38,old_thin,reversal_5,60
2024-11-27,-0.21173,38,old_thin,reversal_5,60
2024-11-29,-0.151767,38,old_thin,reversal_5,60
2024-12-02,-0.186344,38,old_thin,reversal_5,60
2024-12-03,-0.071671,38,old_thin,reversal_5,60
2024-12-04,0.315242,38,old_thin,reversal_5,60
2024-12-05,0.4065,38,old_thin,reversal_5,60
2024-12-06,0.473465,38,old_thin,reversal_5,60
2024-12-09,0.399059,38,old_thin,reversal_5,60
2024-12-10,0.000547,38,old_thin,reversal_5,60
2024-12-11,0.000985,38,old_thin,reversal_5,60
2024-12-12,0.049349,38,old_thin,reversal_5,60
2024-12-13,0.070358,38,old_thin,reversal_5,60
2024-12-16,0.303425,38,old_thin,reversal_5,60
2024-12-17,0.489879,38,old_thin,reversal_5,60
2024-12-18,0.044097,38,old_thin,reversal_5,60
2024-12-19,0.020243,38,old_thin,reversal_5,60
2024-12-20,-0.097057,38,old_thin,reversal_5,60
2024-12-23,-0.350914,38,old_thin,reversal_5,60
2024-12-24,-0.181311,38,old_thin,reversal_5,60
2024-12-26,0.007988,38,old_thin,reversal_5,60
2024-12-27,-0.055258,38,old_thin,reversal_5,60
2024-12-30,0.113032,38,old_thin,reversal_5,60
2024-12-31,-0.459022,38,old_thin,reversal_5,60
2025-01-02,-0.297078,38,old_thin,reversal_5,60
2025-01-03,-0.108436,38,old_thin,reversal_5,60
2025-01-06,0.362731,38,old_thin,reversal_5,60
2025-01-07,0.163585,38,old_thin,reversal_5,60
2025-01-08,0.20407,38,old_thin,reversal_5,60
2025-01-10,0.155925,38,old_thin,reversal_5,60
2025-01-13,-0.320495,38,old_thin,reversal_5,60
2025-01-14,-0.413503,38,old_thin,reversal_5,60
2025-01-15,-0.112376,38,old_thin,reversal_5,60
2025-01-16,0.127257,38,old_thin,reversal_5,60
2025-01-17,0.282635,38,old_thin,reversal_5,60
2025-01-21,0.346537,38,old_thin,reversal_5,60
2025-01-22,0.37236,38,old_thin,reversal_5,60
2025-01-23,0.118284,38,old_thin,reversal_5,60
2025-01-24,0.133822,38,old_thin,reversal_5,60
2025-01-27,-0.185907,38,old_thin,reversal_5,60
2025-01-28,-0.146296,38,old_thin,reversal_5,60
2025-01-29,-0.179122,38,old_thin,reversal_5,60
2025-04-23,-0.165335,38,mid_weak,pullback_rs_60_5,5
2025-04-24,-0.144545,38,mid_weak,pullback_rs_60_5,5
2025-04-25,-0.117628,38,mid_weak,pullback_rs_60_5,5
2025-04-28,-0.169712,38,mid_weak,pullback_rs_60_5,5
2025-04-29,-0.235584,38,mid_weak,pullback_rs_60_5,5
2025-04-30,-0.384834,38,mid_weak,pullback_rs_60_5,5
2025-05-01,-0.369515,38,mid_weak,pullback_rs_60_5,5
2025-05-02,-0.401247,38,mid_weak,pullback_rs_60_5,5
2025-05-05,-0.587263,38,mid_weak,pullback_rs_60_5,5
2025-05-06,-0.510012,38,mid_weak,pullback_rs_60_5,5
2025-05-07,-0.622278,38,mid_weak,pullback_rs_60_5,5
2025-05-08,-0.484407,38,mid_weak,pullback_rs_60_5,5
2025-05-09,-0.463617,38,mid_weak,pullback_rs_60_5,5
2025-05-12,0.065981,38,mid_weak,pullback_rs_60_5,5
2025-05-13,0.370172,38,mid_weak,pullback_rs_60_5,5
2025-05-14,0.548091,38,mid_weak,pullback_rs_60_5,5
2025-05-15,0.056133,38,mid_weak,pullback_rs_60_5,5
2025-05-16,0.051975,38,mid_weak,pullback_rs_60_5,5
2025-05-19,-0.20232,38,mid_weak,pullback_rs_60_5,5
2025-05-20,0.093336,38,mid_weak,pullback_rs_60_5,5
2025-05-21,0.33078,38,mid_weak,pullback_rs_60_5,5
2025-05-22,0.238429,38,mid_weak,pullback_rs_60_5,5
2025-05-23,-0.0662,38,mid_weak,pullback_rs_60_5,5
2025-05-27,0.106248,38,mid_weak,pullback_rs_60_5,5
2025-05-28,0.093555,38,mid_weak,pullback_rs_60_5,5
2025-05-29,-0.044534,38,mid_weak,pullback_rs_60_5,5
2025-05-30,-0.011708,38,mid_weak,pullback_rs_60_5,5
2025-06-02,0.069482,38,mid_weak,pullback_rs_60_5,5
2025-06-03,-0.287231,38,mid_weak,pullback_rs_60_5,5
2025-06-04,-0.329905,38,mid_weak,pullback_rs_60_5,5
2025-06-05,-0.26841,38,mid_weak,pullback_rs_60_5,5
2025-06-06,-0.35157,38,mid_weak,pullback_rs_60_5,5
2025-06-09,-0.332969,38,mid_weak,pullback_rs_60_5,5
2025-06-10,0.005799,38,mid_weak,pullback_rs_60_5,5
2025-06-11,0.029653,38,mid_weak,pullback_rs_60_5,5
2025-06-12,0.048255,38,mid_weak,pullback_rs_60_5,5
2025-06-13,0.289638,38,mid_weak,pullback_rs_60_5,5
2025-06-16,0.237116,38,mid_weak,pullback_rs_60_5,5
2025-06-17,0.118065,38,mid_weak,pullback_rs_60_5,5
2025-06-18,0.204946,38,mid_weak,pullback_rs_60_5,5
2025-06-20,0.126819,38,mid_weak,pullback_rs_60_5,5
2025-06-23,0.120254,38,mid_weak,pullback_rs_60_5,5
2025-06-24,-0.324215,38,mid_weak,pullback_rs_60_5,5
2025-06-25,-0.281541,38,mid_weak,pullback_rs_60_5,5
2025-06-26,-0.105154,38,mid_weak,pullback_rs_60_5,5
2025-06-27,0.151329,38,mid_weak,pullback_rs_60_5,5
2025-06-30,0.187657,38,mid_weak,pullback_rs_60_5,5
2025-07-01,0.340628,38,mid_weak,pullback_rs_60_5,5
2025-07-02,0.195754,38,mid_weak,pullback_rs_60_5,5
2025-07-03,0.216107,38,mid_weak,pullback_rs_60_5,5
2025-07-07,0.225517,38,mid_weak,pullback_rs_60_5,5
2025-07-08,0.344567,38,mid_weak,pullback_rs_60_5,5
2025-07-09,0.080206,38,mid_weak,pullback_rs_60_5,5
2025-07-10,0.306489,38,mid_weak,pullback_rs_60_5,5
2025-07-11,0.200788,38,mid_weak,pullback_rs_60_5,5
2025-07-14,0.100777,38,mid_weak,pullback_rs_60_5,5
2025-07-15,-0.201226,38,mid_weak,pullback_rs_60_5,5
2025-07-16,-0.239304,38,mid_weak,pullback_rs_60_5,5
2025-07-17,0.239523,38,mid_weak,pullback_rs_60_5,5
2025-07-18,0.023526,38,mid_weak,pullback_rs_60_5,5
2025-07-21,0.109093,38,mid_weak,pullback_rs_60_5,5
2025-07-22,0.413503,38,mid_weak,pullback_rs_60_5,5
2025-07-23,0.502353,38,mid_weak,pullback_rs_60_5,5
2025-07-24,0.302112,38,mid_weak,pullback_rs_60_5,5
2025-07-25,0.116096,38,mid_weak,pullback_rs_60_5,5
2025-07-28,0.24762,38,mid_weak,pullback_rs_60_5,5
2025-07-29,-0.03206,38,mid_weak,pullback_rs_60_5,5
2025-07-30,-0.171244,38,mid_weak,pullback_rs_60_5,5
2025-07-31,-0.0511,38,mid_weak,pullback_rs_60_5,5
2025-08-01,0.185688,38,mid_weak,pullback_rs_60_5,5
2025-08-04,0.212605,38,mid_weak,pullback_rs_60_5,5
2025-08-05,0.082175,38,mid_weak,pullback_rs_60_5,5
2025-08-06,-0.000985,38,mid_weak,pullback_rs_60_5,5
2025-08-07,-0.159864,38,mid_weak,pullback_rs_60_5,5
2025-08-08,-0.084801,38,mid_weak,pullback_rs_60_5,5
2025-08-11,-0.057446,38,mid_weak,pullback_rs_60_5,5
2025-08-12,-0.244556,38,mid_weak,pullback_rs_60_5,5
2025-08-13,-0.13798,38,mid_weak,pullback_rs_60_5,5
2025-08-14,-0.296641,38,mid_weak,pullback_rs_60_5,5
2025-08-15,-0.422256,38,mid_weak,pullback_rs_60_5,5
2025-08-18,-0.315899,38,mid_weak,pullback_rs_60_5,5
2025-08-19,0.275632,38,mid_weak,pullback_rs_60_5,5
2025-08-20,0.262939,38,mid_weak,pullback_rs_60_5,5
2025-08-21,0.313273,38,mid_weak,pullback_rs_60_5,5
2025-08-22,-0.075172,38,mid_weak,pullback_rs_60_5,5
2025-08-25,-0.07189,38,mid_weak,pullback_rs_60_5,5
2025-08-26,0.026371,38,mid_weak,pullback_rs_60_5,5
2025-08-27,-0.082613,38,mid_weak,pullback_rs_60_5,5
2025-08-28,-0.061604,38,mid_weak,pullback_rs_60_5,5
2025-08-29,0.033155,38,mid_weak,pullback_rs_60_5,5
2025-09-02,0.242587,38,mid_weak,pullback_rs_60_5,5
2025-09-03,0.322464,38,mid_weak,pullback_rs_60_5,5
2025-09-04,0.241055,38,mid_weak,pullback_rs_60_5,5
2025-09-05,0.227924,38,mid_weak,pullback_rs_60_5,5
2025-09-08,0.241274,38,mid_weak,pullback_rs_60_5,5
2025-09-09,0.110187,38,mid_weak,pullback_rs_60_5,5
2025-09-10,0.154174,38,mid_weak,pullback_rs_60_5,5
2025-09-11,0.106686,38,mid_weak,pullback_rs_60_5,5
2025-09-12,0.018054,38,mid_weak,pullback_rs_60_5,5
2025-09-15,-0.084583,38,mid_weak,pullback_rs_60_5,5
2025-09-16,0.058103,38,mid_weak,pullback_rs_60_5,5
2025-09-17,0.037313,38,mid_weak,pullback_rs_60_5,5
2025-09-18,0.186563,38,mid_weak,pullback_rs_60_5,5
2025-09-19,0.197505,38,mid_weak,pullback_rs_60_5,5
2025-09-22,0.114345,38,mid_weak,pullback_rs_60_5,5
2025-09-23,0.010614,38,mid_weak,pullback_rs_60_5,5
2025-09-24,-0.217201,38,mid_weak,pullback_rs_60_5,5
2025-09-25,0.305176,38,mid_weak,pullback_rs_60_5,5
2025-09-26,0.083707,38,mid_weak,pullback_rs_60_5,5
2025-09-29,0.030966,38,mid_weak,pullback_rs_60_5,5
2025-09-30,-0.212824,38,mid_weak,pullback_rs_60_5,5
2025-10-01,-0.405624,38,mid_weak,pullback_rs_60_5,5
2025-10-02,-0.413503,38,mid_weak,pullback_rs_60_5,5
2025-10-03,-0.123755,38,mid_weak,pullback_rs_60_5,5
2025-10-06,0.218076,38,mid_weak,pullback_rs_60_5,5
2025-10-07,-0.021994,38,mid_weak,pullback_rs_60_5,5
2025-10-08,0.098151,38,mid_weak,pullback_rs_60_5,5
2025-10-09,0.275851,38,mid_weak,pullback_rs_60_5,5
2025-10-10,0.403874,38,mid_weak,pullback_rs_60_5,5
2025-10-13,0.159208,38,mid_weak,pullback_rs_60_5,5
2025-10-14,0.071233,38,mid_weak,pullback_rs_60_5,5
2025-10-15,-0.172995,38,mid_weak,pullback_rs_60_5,5
2025-10-16,-0.032936,38,mid_weak,pullback_rs_60_5,5
2025-10-17,0.065762,38,mid_weak,pullback_rs_60_5,5
2025-04-23,-0.30999,38,mid_weak,pullback_rs_60_5,10
2025-04-24,-0.322902,38,mid_weak,pullback_rs_60_5,10
2025-04-25,-0.42532,38,mid_weak,pullback_rs_60_5,10
2025-04-28,-0.679177,38,mid_weak,pullback_rs_60_5,10
2025-04-29,-0.691432,38,mid_weak,pullback_rs_60_5,10
2025-04-30,-0.692089,38,mid_weak,pullback_rs_60_5,10
2025-05-01,-0.604114,38,mid_weak,pullback_rs_60_5,10
2025-05-02,-0.575884,38,mid_weak,pullback_rs_60_5,10
2025-05-05,-0.541306,38,mid_weak,pullback_rs_60_5,10
2025-05-06,-0.473684,38,mid_weak,pullback_rs_60_5,10
2025-05-07,-0.450706,38,mid_weak,pullback_rs_60_5,10
2025-05-08,-0.394463,38,mid_weak,pullback_rs_60_5,10
2025-05-09,-0.395776,38,mid_weak,pullback_rs_60_5,10
2025-05-12,-0.111062,38,mid_weak,pullback_rs_60_5,10
2025-05-13,0.229018,38,mid_weak,pullback_rs_60_5,10
2025-05-14,0.200131,38,mid_weak,pullback_rs_60_5,10
2025-05-15,0.152424,38,mid_weak,pullback_rs_60_5,10
2025-05-16,0.087428,38,mid_weak,pullback_rs_60_5,10
2025-05-19,-0.122005,38,mid_weak,pullback_rs_60_5,10
2025-05-20,-0.014991,38,mid_weak,pullback_rs_60_5,10
2025-05-21,0.070577,38,mid_weak,pullback_rs_60_5,10
2025-05-22,-0.104935,38,mid_weak,pullback_rs_60_5,10
2025-05-23,-0.187657,38,mid_weak,pullback_rs_60_5,10
2025-05-27,-0.179998,38,mid_weak,pullback_rs_60_5,10
2025-05-28,0.088522,38,mid_weak,pullback_rs_60_5,10
2025-05-29,-0.079112,38,mid_weak,pullback_rs_60_5,10
2025-05-30,0.028121,38,mid_weak,pullback_rs_60_5,10
2025-06-02,0.097057,38,mid_weak,pullback_rs_60_5,10
2025-06-03,-0.366889,38,mid_weak,pullback_rs_60_5,10
2025-06-04,-0.208447,38,mid_weak,pullback_rs_60_5,10
2025-06-05,-0.008425,38,mid_weak,pullback_rs_60_5,10
2025-06-06,-0.055914,38,mid_weak,pullback_rs_60_5,10
2025-06-09,0.129883,38,mid_weak,pullback_rs_60_5,10
2025-06-10,0.334282,38,mid_weak,pullback_rs_60_5,10
2025-06-11,0.362075,38,mid_weak,pullback_rs_60_5,10
2025-06-12,0.371266,38,mid_weak,pullback_rs_60_5,10
2025-06-13,0.468432,38,mid_weak,pullback_rs_60_5,10
2025-06-16,0.121567,38,mid_weak,pullback_rs_60_5,10
2025-06-17,0.028997,38,mid_weak,pullback_rs_60_5,10
2025-06-18,-0.095087,38,mid_weak,pullback_rs_60_5,10
2025-06-20,0.128789,38,mid_weak,pullback_rs_60_5,10
2025-06-23,-0.117847,38,mid_weak,pullback_rs_60_5,10
2025-06-24,-0.162272,38,mid_weak,pullback_rs_60_5,10
2025-06-25,-0.22683,38,mid_weak,pullback_rs_60_5,10
2025-06-26,-0.100339,38,mid_weak,pullback_rs_60_5,10
2025-06-27,0.152861,38,mid_weak,pullback_rs_60_5,10
2025-06-30,0.074735,38,mid_weak,pullback_rs_60_5,10
2025-07-01,0.283729,38,mid_weak,pullback_rs_60_5,10
2025-07-02,0.308677,38,mid_weak,pullback_rs_60_5,10
2025-07-03,0.373892,38,mid_weak,pullback_rs_60_5,10
2025-07-07,0.345661,38,mid_weak,pullback_rs_60_5,10
2025-07-08,0.17584,38,mid_weak,pullback_rs_60_5,10
2025-07-09,-0.021775,38,mid_weak,pullback_rs_60_5,10
2025-07-10,0.06423,38,mid_weak,pullback_rs_60_5,10
2025-07-11,0.040376,38,mid_weak,pullback_rs_60_5,10
2025-07-14,-0.019805,38,mid_weak,pullback_rs_60_5,10
2025-07-15,-0.220702,38,mid_weak,pullback_rs_60_5,10
2025-07-16,-0.139512,38,mid_weak,pullback_rs_60_5,10
2025-07-17,-0.045629,38,mid_weak,pullback_rs_60_5,10
2025-07-18,-0.116315,38,mid_weak,pullback_rs_60_5,10
2025-07-21,-0.051537,38,mid_weak,pullback_rs_60_5,10
2025-07-22,0.363825,38,mid_weak,pullback_rs_60_5,10
2025-07-23,0.341503,38,mid_weak,pullback_rs_60_5,10
2025-07-24,0.375424,38,mid_weak,pullback_rs_60_5,10
2025-07-25,0.295328,38,mid_weak,pullback_rs_60_5,10
2025-07-28,0.377612,38,mid_weak,pullback_rs_60_5,10
2025-07-29,0.180654,38,mid_weak,pullback_rs_60_5,10
2025-07-30,0.132071,38,mid_weak,pullback_rs_60_5,10
2025-07-31,-0.014553,38,mid_weak,pullback_rs_60_5,10
2025-08-01,0.140606,38,mid_weak,pullback_rs_60_5,10
2025-08-04,0.210855,38,mid_weak,pullback_rs_60_5,10
2025-08-05,-0.14739,38,mid_weak,pullback_rs_60_5,10
2025-08-06,-0.311303,38,mid_weak,pullback_rs_60_5,10
2025-08-07,-0.409782,38,mid_weak,pullback_rs_60_5,10
2025-08-08,-0.093774,38,mid_weak,pullback_rs_60_5,10
2025-08-11,-0.086552,38,mid_weak,pullback_rs_60_5,10
2025-08-12,-0.199256,38,mid_weak,pullback_rs_60_5,10
2025-08-13,-0.069701,38,mid_weak,pullback_rs_60_5,10
2025-08-14,0.012365,38,mid_weak,pullback_rs_60_5,10
2025-08-15,-0.247401,38,mid_weak,pullback_rs_60_5,10
2025-08-18,-0.290951,38,mid_weak,pullback_rs_60_5,10
2025-08-19,-0.134479,38,mid_weak,pullback_rs_60_5,10
2025-08-20,0.149579,38,mid_weak,pullback_rs_60_5,10
2025-08-21,0.159208,38,mid_weak,pullback_rs_60_5,10
2025-08-22,0.19094,38,mid_weak,pullback_rs_60_5,10
2025-08-25,0.330124,38,mid_weak,pullback_rs_60_5,10
2025-08-26,0.260751,38,mid_weak,pullback_rs_60_5,10
2025-08-27,-0.060729,38,mid_weak,pullback_rs_60_5,10
2025-08-28,0.205165,38,mid_weak,pullback_rs_60_5,10
2025-08-29,0.434293,38,mid_weak,pullback_rs_60_5,10
2025-09-02,0.438232,38,mid_weak,pullback_rs_60_5,10
2025-09-03,0.29117,38,mid_weak,pullback_rs_60_5,10
2025-09-04,0.163803,38,mid_weak,pullback_rs_60_5,10
2025-09-05,0.153518,38,mid_weak,pullback_rs_60_5,10
2025-09-08,0.144545,38,mid_weak,pullback_rs_60_5,10
2025-09-09,0.107999,38,mid_weak,pullback_rs_60_5,10
2025-09-10,-0.046504,38,mid_weak,pullback_rs_60_5,10
2025-09-11,0.019149,38,mid_weak,pullback_rs_60_5,10
2025-09-12,-0.110406,38,mid_weak,pullback_rs_60_5,10
2025-09-15,-0.232301,38,mid_weak,pullback_rs_60_5,10
2025-09-16,-0.129008,38,mid_weak,pullback_rs_60_5,10
2025-09-17,-0.011708,38,mid_weak,pullback_rs_60_5,10
2025-09-18,0.027684,38,mid_weak,pullback_rs_60_5,10
2025-09-19,0.102965,38,mid_weak,pullback_rs_60_5,10
2025-09-22,-0.177591,38,mid_weak,pullback_rs_60_5,10
2025-09-23,-0.144983,38,mid_weak,pullback_rs_60_5,10
2025-09-24,-0.330999,38,mid_weak,pullback_rs_60_5,10
2025-09-25,0.134041,38,mid_weak,pullback_rs_60_5,10
2025-09-26,0.080206,38,mid_weak,pullback_rs_60_5,10
2025-09-29,0.135135,38,mid_weak,pullback_rs_60_5,10
2025-09-30,-0.100777,38,mid_weak,pullback_rs_60_5,10
2025-10-01,-0.086114,38,mid_weak,pullback_rs_60_5,10
2025-10-02,-0.015866,38,mid_weak,pullback_rs_60_5,10
2025-10-03,0.189408,38,mid_weak,pullback_rs_60_5,10
2025-10-06,0.292702,38,mid_weak,pullback_rs_60_5,10
2025-10-07,0.148266,38,mid_weak,pullback_rs_60_5,10
2025-10-08,-0.029653,38,mid_weak,pullback_rs_60_5,10
2025-10-09,0.230113,38,mid_weak,pullback_rs_60_5,10
2025-10-10,0.359886,38,mid_weak,pullback_rs_60_5,10
2025-04-23,-0.40453,38,mid_weak,pullback_rs_60_5,20
2025-04-24,-0.563191,38,mid_weak,pullback_rs_60_5,20
2025-04-25,-0.651165,38,mid_weak,pullback_rs_60_5,20
2025-04-28,-0.725134,38,mid_weak,pullback_rs_60_5,20
2025-04-29,-0.626217,38,mid_weak,pullback_rs_60_5,20
2025-04-30,-0.676989,38,mid_weak,pullback_rs_60_5,20
2025-05-01,-0.679177,38,mid_weak,pullback_rs_60_5,20
2025-05-02,-0.676332,38,mid_weak,pullback_rs_60_5,20
2025-05-05,-0.608272,38,mid_weak,pullback_rs_60_5,20
2025-05-06,-0.606303,38,mid_weak,pullback_rs_60_5,20
2025-05-07,-0.54437,38,mid_weak,pullback_rs_60_5,20
2025-05-08,-0.452675,38,mid_weak,pullback_rs_60_5,20
2025-05-09,-0.307802,38,mid_weak,pullback_rs_60_5,20
2025-05-12,-0.117409,38,mid_weak,pullback_rs_60_5,20
2025-05-13,0.121567,38,mid_weak,pullback_rs_60_5,20
2025-05-14,0.172119,38,mid_weak,pullback_rs_60_5,20
2025-05-15,-0.031404,38,mid_weak,pullback_rs_60_5,20
2025-05-16,-0.170588,38,mid_weak,pullback_rs_60_5,20
2025-05-19,-0.171463,38,mid_weak,pullback_rs_60_5,20
2025-05-20,0.107342,38,mid_weak,pullback_rs_60_5,20
2025-05-21,0.237991,38,mid_weak,pullback_rs_60_5,20
2025-05-22,-0.037313,38,mid_weak,pullback_rs_60_5,20
2025-05-23,0.041033,38,mid_weak,pullback_rs_60_5,20
2025-05-27,0.143451,38,mid_weak,pullback_rs_60_5,20
2025-05-28,0.373673,38,mid_weak,pullback_rs_60_5,20
2025-05-29,0.213918,38,mid_weak,pullback_rs_60_5,20
2025-05-30,0.382646,38,mid_weak,pullback_rs_60_5,20
2025-06-02,0.158114,38,mid_weak,pullback_rs_60_5,20
2025-06-03,-0.008425,38,mid_weak,pullback_rs_60_5,20
2025-06-04,-0.063136,38,mid_weak,pullback_rs_60_5,20
2025-06-05,0.178466,38,mid_weak,pullback_rs_60_5,20
2025-06-06,-0.177591,38,mid_weak,pullback_rs_60_5,20
2025-06-09,-0.172557,38,mid_weak,pullback_rs_60_5,20
2025-06-10,0.101433,38,mid_weak,pullback_rs_60_5,20
2025-06-11,0.05482,38,mid_weak,pullback_rs_60_5,20
2025-06-12,0.221359,38,mid_weak,pullback_rs_60_5,20
2025-06-13,0.289638,38,mid_weak,pullback_rs_60_5,20
2025-06-16,0.190502,38,mid_weak,pullback_rs_60_5,20
2025-06-17,0.116096,38,mid_weak,pullback_rs_60_5,20
2025-06-18,0.029653,38,mid_weak,pullback_rs_60_5,20
2025-06-20,0.072546,38,mid_weak,pullback_rs_60_5,20
2025-06-23,-0.107342,38,mid_weak,pullback_rs_60_5,20
2025-06-24,-0.126381,38,mid_weak,pullback_rs_60_5,20
2025-06-25,-0.071452,38,mid_weak,pullback_rs_60_5,20
2025-06-26,0.080206,38,mid_weak,pullback_rs_60_5,20
2025-06-27,0.054601,38,mid_weak,pullback_rs_60_5,20
2025-06-30,0.057884,38,mid_weak,pullback_rs_60_5,20
2025-07-01,0.248277,38,mid_weak,pullback_rs_60_5,20
2025-07-02,0.294671,38,mid_weak,pullback_rs_60_5,20
2025-07-03,0.263158,38,mid_weak,pullback_rs_60_5,20
2025-07-07,0.253967,38,mid_weak,pullback_rs_60_5,20
2025-07-08,0.240398,38,mid_weak,pullback_rs_60_5,20
2025-07-09,0.006675,38,mid_weak,pullback_rs_60_5,20
2025-07-10,0.093993,38,mid_weak,pullback_rs_60_5,20
2025-07-11,-0.056571,38,mid_weak,pullback_rs_60_5,20
2025-07-14,-0.120254,38,mid_weak,pullback_rs_60_5,20
2025-07-15,-0.262939,38,mid_weak,pullback_rs_60_5,20
2025-07-16,-0.191815,38,mid_weak,pullback_rs_60_5,20
2025-07-17,-0.210855,38,mid_weak,pullback_rs_60_5,20
2025-07-18,-0.019149,38,mid_weak,pullback_rs_60_5,20
2025-07-21,-0.160959,38,mid_weak,pullback_rs_60_5,20
2025-07-22,0.256374,38,mid_weak,pullback_rs_60_5,20
2025-07-23,0.204289,38,mid_weak,pullback_rs_60_5,20
2025-07-24,0.154612,38,mid_weak,pullback_rs_60_5,20
2025-07-25,0.041033,38,mid_weak,pullback_rs_60_5,20
2025-07-28,0.089178,38,mid_weak,pullback_rs_60_5,20
2025-07-29,0.101215,38,mid_weak,pullback_rs_60_5,20
2025-07-30,-0.044097,38,mid_weak,pullback_rs_60_5,20
2025-07-31,-0.07364,38,mid_weak,pullback_rs_60_5,20
2025-08-01,0.043221,38,mid_weak,pullback_rs_60_5,20
2025-08-04,0.051975,38,mid_weak,pullback_rs_60_5,20
2025-08-05,0.005362,38,mid_weak,pullback_rs_60_5,20
2025-08-06,-0.076923,38,mid_weak,pullback_rs_60_5,20
2025-08-07,-0.262283,38,mid_weak,pullback_rs_60_5,20
2025-08-08,-0.138199,38,mid_weak,pullback_rs_60_5,20
2025-08-11,-0.091148,38,mid_weak,pullback_rs_60_5,20
2025-08-12,-0.063136,38,mid_weak,pullback_rs_60_5,20
2025-08-13,0.047817,38,mid_weak,pullback_rs_60_5,20
2025-08-14,0.012583,38,mid_weak,pullback_rs_60_5,20
2025-08-15,0.182405,38,mid_weak,pullback_rs_60_5,20
2025-08-18,0.21173,38,mid_weak,pullback_rs_60_5,20
2025-08-19,0.31765,38,mid_weak,pullback_rs_60_5,20
2025-08-20,0.383521,38,mid_weak,pullback_rs_60_5,20
2025-08-21,0.384834,38,mid_weak,pullback_rs_60_5,20
2025-08-22,0.324871,38,mid_weak,pullback_rs_60_5,20
2025-08-25,0.298829,38,mid_weak,pullback_rs_60_5,20
2025-08-26,0.144327,38,mid_weak,pullback_rs_60_5,20
2025-08-27,-0.050662,38,mid_weak,pullback_rs_60_5,20
2025-08-28,0.196849,38,mid_weak,pullback_rs_60_5,20
2025-08-29,0.38943,38,mid_weak,pullback_rs_60_5,20
2025-09-02,0.378707,38,mid_weak,pullback_rs_60_5,20
2025-09-03,0.250246,38,mid_weak,pullback_rs_60_5,20
2025-09-04,0.223985,38,mid_weak,pullback_rs_60_5,20
2025-09-05,0.200569,38,mid_weak,pullback_rs_60_5,20
2025-09-08,0.146734,38,mid_weak,pullback_rs_60_5,20
2025-09-09,0.074516,38,mid_weak,pullback_rs_60_5,20
2025-09-10,-0.010833,38,mid_weak,pullback_rs_60_5,20
2025-09-11,-0.199475,38,mid_weak,pullback_rs_60_5,20
2025-09-12,-0.27038,38,mid_weak,pullback_rs_60_5,20
2025-09-15,-0.413721,38,mid_weak,pullback_rs_60_5,20
2025-09-16,-0.172995,38,mid_weak,pullback_rs_60_5,20
2025-09-17,0.108436,38,mid_weak,pullback_rs_60_5,20
2025-09-18,0.020024,38,mid_weak,pullback_rs_60_5,20
2025-09-19,0.116096,38,mid_weak,pullback_rs_60_5,20
2025-09-22,-0.176277,38,mid_weak,pullback_rs_60_5,20
2025-09-23,-0.26272,38,mid_weak,pullback_rs_60_5,20
2025-09-24,-0.25331,38,mid_weak,pullback_rs_60_5,20
2025-09-25,0.030966,38,mid_weak,pullback_rs_60_5,20
2025-09-26,0.095306,38,mid_weak,pullback_rs_60_5,20
2025-04-23,-0.390305,38,mid_weak,pullback_rs_60_5,60
2025-04-24,-0.506292,38,mid_weak,pullback_rs_60_5,60
2025-04-25,-0.587263,38,mid_weak,pullback_rs_60_5,60
2025-04-28,-0.58595,38,mid_weak,pullback_rs_60_5,60
2025-04-29,-0.541306,38,mid_weak,pullback_rs_60_5,60
2025-04-30,-0.564504,38,mid_weak,pullback_rs_60_5,60
2025-05-01,-0.541963,38,mid_weak,pullback_rs_60_5,60
2025-05-02,-0.475435,38,mid_weak,pullback_rs_60_5,60
2025-05-05,-0.596674,38,mid_weak,pullback_rs_60_5,60
2025-05-06,-0.450487,38,mid_weak,pullback_rs_60_5,60
2025-05-07,-0.462304,38,mid_weak,pullback_rs_60_5,60
2025-05-08,-0.347412,38,mid_weak,pullback_rs_60_5,60
2025-05-09,-0.335157,38,mid_weak,pullback_rs_60_5,60
2025-05-12,-0.252872,38,mid_weak,pullback_rs_60_5,60
2025-05-13,-0.288762,38,mid_weak,pullback_rs_60_5,60
2025-05-14,-0.339096,38,mid_weak,pullback_rs_60_5,60
2025-05-15,-0.410658,38,mid_weak,pullback_rs_60_5,60
2025-05-16,-0.363607,38,mid_weak,pullback_rs_60_5,60
2025-05-19,-0.220046,38,mid_weak,pullback_rs_60_5,60
2025-05-20,0.225298,38,mid_weak,pullback_rs_60_5,60
2025-05-21,0.409345,38,mid_weak,pullback_rs_60_5,60
2025-05-22,0.158989,38,mid_weak,pullback_rs_60_5,60
2025-05-23,0.221797,38,mid_weak,pullback_rs_60_5,60
2025-05-27,0.175183,38,mid_weak,pullback_rs_60_5,60
2025-05-28,0.29489,38,mid_weak,pullback_rs_60_5,60
2025-05-29,0.100777,38,mid_weak,pullback_rs_60_5,60
2025-05-30,0.253091,38,mid_weak,pullback_rs_60_5,60
2025-06-02,0.115439,38,mid_weak,pullback_rs_60_5,60
2025-06-03,0.097057,38,mid_weak,pullback_rs_60_5,60
2025-06-04,0.05482,38,mid_weak,pullback_rs_60_5,60
2025-06-05,0.348944,38,mid_weak,pullback_rs_60_5,60
2025-06-06,0.000766,38,mid_weak,pullback_rs_60_5,60
2025-06-09,-0.061823,38,mid_weak,pullback_rs_60_5,60
2025-06-10,0.189408,38,mid_weak,pullback_rs_60_5,60
2025-06-11,0.255936,38,mid_weak,pullback_rs_60_5,60
2025-06-12,0.17956,38,mid_weak,pullback_rs_60_5,60
2025-06-13,0.192691,38,mid_weak,pullback_rs_60_5,60
2025-06-16,0.040595,38,mid_weak,pullback_rs_60_5,60
2025-06-17,0.081519,38,mid_weak,pullback_rs_60_5,60
2025-06-18,0.055477,38,mid_weak,pullback_rs_60_5,60
2025-06-20,0.11347,38,mid_weak,pullback_rs_60_5,60
2025-06-23,0.01696,38,mid_weak,pullback_rs_60_5,60
2025-06-24,0.113907,38,mid_weak,pullback_rs_60_5,60
2025-06-25,0.12288,38,mid_weak,pullback_rs_60_5,60
2025-06-26,0.193347,38,mid_weak,pullback_rs_60_5,60
2025-06-27,0.059635,38,mid_weak,pullback_rs_60_5,60
2025-06-30,0.086114,38,mid_weak,pullback_rs_60_5,60
2025-07-01,0.179122,38,mid_weak,pullback_rs_60_5,60
2025-07-02,0.225955,38,mid_weak,pullback_rs_60_5,60
2025-07-03,0.352883,38,mid_weak,pullback_rs_60_5,60
2025-07-07,0.279352,38,mid_weak,pullback_rs_60_5,60
2025-07-08,0.309115,38,mid_weak,pullback_rs_60_5,60
2025-07-09,0.08502,38,mid_weak,pullback_rs_60_5,60
2025-07-10,0.187876,38,mid_weak,pullback_rs_60_5,60
2025-07-11,0.007112,38,mid_weak,pullback_rs_60_5,60
2025-07-14,-0.120035,38,mid_weak,pullback_rs_60_5,60
2025-07-15,-0.199475,38,mid_weak,pullback_rs_60_5,60
2025-07-16,-0.145858,38,mid_weak,pullback_rs_60_5,60
2025-07-17,-0.341285,38,mid_weak,pullback_rs_60_5,60
2025-07-18,-0.160521,38,mid_weak,pullback_rs_60_5,60
2025-07-21,-0.200788,38,mid_weak,pullback_rs_60_5,60
2025-07-22,0.15877,38,mid_weak,pullback_rs_60_5,60
2025-07-23,0.182843,38,mid_weak,pullback_rs_60_5,60
2025-07-24,0.290951,38,mid_weak,pullback_rs_60_5,60
2025-07-25,0.194879,38,mid_weak,pullback_rs_60_5,60
2025-07-28,0.182186,38,mid_weak,pullback_rs_60_5,60
2025-07-29,-0.00186,38,mid_weak,pullback_rs_60_5,60
2025-07-30,0.078674,38,mid_weak,pullback_rs_60_5,60
2025-07-31,0.088522,38,mid_weak,pullback_rs_60_5,60
2025-04-23,-0.190721,38,mid_weak,momentum_60,5
2025-04-24,-0.178247,38,mid_weak,momentum_60,5
2025-04-25,0.031185,38,mid_weak,momentum_60,5
2025-04-28,-0.007331,38,mid_weak,momentum_60,5
2025-04-29,-0.079768,38,mid_weak,momentum_60,5
2025-04-30,-0.286793,38,mid_weak,momentum_60,5
2025-05-01,-0.242806,38,mid_weak,momentum_60,5
2025-05-02,-0.262283,38,mid_weak,momentum_60,5
2025-05-05,-0.61068,38,mid_weak,momentum_60,5
2025-05-06,-0.567568,38,mid_weak,momentum_60,5
2025-05-07,-0.566473,38,mid_weak,momentum_60,5
2025-05-08,-0.339753,38,mid_weak,momentum_60,5
2025-05-09,-0.288544,38,mid_weak,momentum_60,5
2025-05-12,0.143232,38,mid_weak,momentum_60,5
2025-05-13,0.207791,38,mid_weak,momentum_60,5
2025-05-14,0.262064,38,mid_weak,momentum_60,5
2025-05-15,0.072984,38,mid_weak,momentum_60,5
2025-05-16,-0.017836,38,mid_weak,momentum_60,5
2025-05-19,0.054601,38,mid_weak,momentum_60,5
2025-05-20,0.139293,38,mid_weak,momentum_60,5
2025-05-21,-0.028559,38,mid_weak,momentum_60,5
2025-05-22,0.065981,38,mid_weak,momentum_60,5
2025-05-23,0.042565,38,mid_weak,momentum_60,5
2025-05-27,0.099683,38,mid_weak,momentum_60,5
2025-05-28,0.199256,38,mid_weak,momentum_60,5
2025-05-29,0.125287,38,mid_weak,momentum_60,5
2025-05-30,0.075172,38,mid_weak,momentum_60,5
2025-06-02,-0.10209,38,mid_weak,momentum_60,5
2025-06-03,-0.480687,38,mid_weak,momentum_60,5
2025-06-04,-0.492067,38,mid_weak,momentum_60,5
2025-06-05,-0.34785,38,mid_weak,momentum_60,5
2025-06-06,-0.22486,38,mid_weak,momentum_60,5
2025-06-09,0.025057,38,mid_weak,momentum_60,5
2025-06-10,0.158989,38,mid_weak,momentum_60,5
2025-06-11,0.229894,38,mid_weak,momentum_60,5
2025-06-12,0.18722,38,mid_weak,momentum_60,5
2025-06-13,0.516358,38,mid_weak,momentum_60,5
2025-06-16,0.597987,38,mid_weak,momentum_60,5
2025-06-17,0.682022,38,mid_weak,momentum_60,5
2025-06-18,0.64088,38,mid_weak,momentum_60,5
2025-06-20,0.478718,38,mid_weak,momentum_60,5
2025-06-23,0.424007,38,mid_weak,momentum_60,5
2025-06-24,-0.543057,38,mid_weak,momentum_60,5
2025-06-25,-0.563191,38,mid_weak,momentum_60,5
2025-06-26,-0.490316,38,mid_weak,momentum_60,5
2025-06-27,-0.216763,38,mid_weak,momentum_60,5
2025-06-30,-0.154393,38,mid_weak,momentum_60,5
2025-07-01,0.378488,38,mid_weak,momentum_60,5
2025-07-02,0.233833,38,mid_weak,momentum_60,5
2025-07-03,0.124631,38,mid_weak,momentum_60,5
2025-07-07,0.160302,38,mid_weak,momentum_60,5
2025-07-08,0.34216,38,mid_weak,momentum_60,5
2025-07-09,0.290732,38,mid_weak,momentum_60,5
2025-07-10,0.490535,38,mid_weak,momentum_60,5
2025-07-11,0.411971,38,mid_weak,momentum_60,5
2025-07-14,0.399278,38,mid_weak,momentum_60,5
2025-07-15,-0.261188,38,mid_weak,momentum_60,5
2025-07-16,-0.101433,38,mid_weak,momentum_60,5
2025-07-17,-0.114783,38,mid_weak,momentum_60,5
2025-07-18,0.012146,38,mid_weak,momentum_60,5
2025-07-21,0.136886,38,mid_weak,momentum_60,5
2025-07-22,0.476967,38,mid_weak,momentum_60,5
2025-07-23,0.460335,38,mid_weak,momentum_60,5
2025-07-24,0.41591,38,mid_weak,momentum_60,5
2025-07-25,0.182624,38,mid_weak,momentum_60,5
2025-07-28,0.316993,38,mid_weak,momentum_60,5
2025-07-29,0.139512,38,mid_weak,momentum_60,5
2025-07-30,-0.118065,38,mid_weak,momentum_60,5
2025-07-31,-0.037094,38,mid_weak,momentum_60,5
2025-08-01,0.13798,38,mid_weak,momentum_60,5
2025-08-04,0.044753,38,mid_weak,momentum_60,5
2025-08-05,0.198381,38,mid_weak,momentum_60,5
2025-08-06,0.107999,38,mid_weak,momentum_60,5
2025-08-07,-0.291826,38,mid_weak,momentum_60,5
2025-08-08,-0.432104,38,mid_weak,momentum_60,5
2025-08-11,-0.610242,38,mid_weak,momentum_60,5
2025-08-12,-0.829303,38,mid_weak,momentum_60,5
2025-08-13,-0.795601,38,mid_weak,momentum_60,5
2025-08-14,-0.796039,38,mid_weak,momentum_60,5
2025-08-15,-0.599519,38,mid_weak,momentum_60,5
2025-08-18,-0.424007,38,mid_weak,momentum_60,5
2025-08-19,0.23624,38,mid_weak,momentum_60,5
2025-08-20,0.235803,38,mid_weak,momentum_60,5
2025-08-21,0.269504,38,mid_weak,momentum_60,5
2025-08-22,-0.114564,38,mid_weak,momentum_60,5
2025-08-25,-0.156144,38,mid_weak,momentum_60,5
2025-08-26,-0.18897,38,mid_weak,momentum_60,5
2025-08-27,-0.023307,38,mid_weak,momentum_60,5
2025-08-28,0.04344,38,mid_weak,momentum_60,5
2025-08-29,-0.03206,38,mid_weak,momentum_60,5
2025-09-02,0.271693,38,mid_weak,momentum_60,5
2025-09-03,0.435168,38,mid_weak,momentum_60,5
2025-09-04,0.393588,38,mid_weak,momentum_60,5
2025-09-05,0.522705,38,mid_weak,momentum_60,5
2025-09-08,0.65029,38,mid_weak,momentum_60,5
2025-09-09,0.524674,38,mid_weak,momentum_60,5
2025-09-10,0.099026,38,mid_weak,momentum_60,5
2025-09-11,0.366451,38,mid_weak,momentum_60,5
2025-09-12,0.331437,38,mid_weak,momentum_60,5
2025-09-15,0.093993,38,mid_weak,momentum_60,5
2025-09-16,0.179341,38,mid_weak,momentum_60,5
2025-09-17,0.182186,38,mid_weak,momentum_60,5
2025-09-18,0.118941,38,mid_weak,momentum_60,5
2025-09-19,0.083488,38,mid_weak,momentum_60,5
2025-09-22,0.026589,38,mid_weak,momentum_60,5
2025-09-23,-0.027246,38,mid_weak,momentum_60,5
2025-09-24,0.167743,38,mid_weak,momentum_60,5
2025-09-25,0.129008,38,mid_weak,momentum_60,5
2025-09-26,-0.063793,38,mid_weak,momentum_60,5
2025-09-29,0.114345,38,mid_weak,momentum_60,5
2025-09-30,-0.011052,38,mid_weak,momentum_60,5
2025-10-01,0.069701,38,mid_weak,momentum_60,5
2025-10-02,0.116534,38,mid_weak,momentum_60,5
2025-10-03,-0.038407,38,mid_weak,momentum_60,5
2025-10-06,0.32706,38,mid_weak,momentum_60,5
2025-10-07,0.035562,38,mid_weak,momentum_60,5
2025-10-08,-0.024401,38,mid_weak,momentum_60,5
2025-10-09,0.189627,38,mid_weak,momentum_60,5
2025-10-10,0.514608,38,mid_weak,momentum_60,5
2025-10-13,0.143451,38,mid_weak,momentum_60,5
2025-10-14,0.069701,38,mid_weak,momentum_60,5
2025-10-15,-0.236459,38,mid_weak,momentum_60,5
2025-10-16,-0.198381,38,mid_weak,momentum_60,5
2025-10-17,0.031623,38,mid_weak,momentum_60,5
2025-04-23,-0.420724,38,mid_weak,momentum_60,10
2025-04-24,-0.230113,38,mid_weak,momentum_60,10
2025-04-25,-0.297954,38,mid_weak,momentum_60,10
2025-04-28,-0.505416,38,mid_weak,momentum_60,10
2025-04-29,-0.543057,38,mid_weak,momentum_60,10
2025-04-30,-0.626874,38,mid_weak,momentum_60,10
2025-05-01,-0.489441,38,mid_weak,momentum_60,10
2025-05-02,-0.473465,38,mid_weak,momentum_60,10
2025-05-05,-0.508918,38,mid_weak,momentum_60,10
2025-05-06,-0.398621,38,mid_weak,momentum_60,10
2025-05-07,-0.36098,38,mid_weak,momentum_60,10
2025-05-08,-0.294452,38,mid_weak,momentum_60,10
2025-05-09,-0.205384,38,mid_weak,momentum_60,10
2025-05-12,-0.052413,38,mid_weak,momentum_60,10
2025-05-13,0.153299,38,mid_weak,momentum_60,10
2025-05-14,0.112157,38,mid_weak,momentum_60,10
2025-05-15,0.060291,38,mid_weak,momentum_60,10
2025-05-16,-0.071452,38,mid_weak,momentum_60,10
2025-05-19,0.072984,38,mid_weak,momentum_60,10
2025-05-20,0.13995,38,mid_weak,momentum_60,10
2025-05-21,0.081519,38,mid_weak,momentum_60,10
2025-05-22,-0.053945,38,mid_weak,momentum_60,10
2025-05-23,0.081519,38,mid_weak,momentum_60,10
2025-05-27,-0.25528,38,mid_weak,momentum_60,10
2025-05-28,-0.163147,38,mid_weak,momentum_60,10
2025-05-29,-0.190283,38,mid_weak,momentum_60,10
2025-05-30,-0.220046,38,mid_weak,momentum_60,10
2025-06-02,-0.022212,38,mid_weak,momentum_60,10
2025-06-03,-0.14936,38,mid_weak,momentum_60,10
2025-06-04,-0.043878,38,mid_weak,momentum_60,10
2025-06-05,0.042346,38,mid_weak,momentum_60,10
2025-06-06,0.237553,38,mid_weak,momentum_60,10
2025-06-09,0.477623,38,mid_weak,momentum_60,10
2025-06-10,0.56144,38,mid_weak,momentum_60,10
2025-06-11,0.534522,38,mid_weak,momentum_60,10
2025-06-12,0.459241,38,mid_weak,momentum_60,10
2025-06-13,0.477405,38,mid_weak,momentum_60,10
2025-06-16,0.224642,38,mid_weak,momentum_60,10
2025-06-17,0.243024,38,mid_weak,momentum_60,10
2025-06-18,0.239742,38,mid_weak,momentum_60,10
2025-06-20,0.227487,38,mid_weak,momentum_60,10
2025-06-23,0.091586,38,mid_weak,momentum_60,10
2025-06-24,-0.070795,38,mid_weak,momentum_60,10
2025-06-25,-0.261626,38,mid_weak,momentum_60,10
2025-06-26,-0.31371,38,mid_weak,momentum_60,10
2025-06-27,-0.075172,38,mid_weak,momentum_60,10
2025-06-30,0.102309,38,mid_weak,momentum_60,10
2025-07-01,0.303425,38,mid_weak,momentum_60,10
2025-07-02,0.436481,38,mid_weak,momentum_60,10
2025-07-03,0.311522,38,mid_weak,momentum_60,10
2025-07-07,0.286574,38,mid_weak,momentum_60,10
2025-07-08,0.187876,38,mid_weak,momentum_60,10
2025-07-09,0.236459,38,mid_weak,momentum_60,10
2025-07-10,0.371266,38,mid_weak,momentum_60,10
2025-07-11,0.300799,38,mid_weak,momentum_60,10
2025-07-14,0.366014,38,mid_weak,momentum_60,10
2025-07-15,0.309115,38,mid_weak,momentum_60,10
2025-07-16,0.427946,38,mid_weak,momentum_60,10
2025-07-17,0.338002,38,mid_weak,momentum_60,10
2025-07-18,0.186344,38,mid_weak,momentum_60,10
2025-07-21,0.340628,38,mid_weak,momentum_60,10
2025-07-22,0.379144,38,mid_weak,momentum_60,10
2025-07-23,0.293577,38,mid_weak,momentum_60,10
2025-07-24,0.261626,38,mid_weak,momentum_60,10
2025-07-25,0.245213,38,mid_weak,momentum_60,10
2025-07-28,0.221359,38,mid_weak,momentum_60,10
2025-07-29,0.193128,38,mid_weak,momentum_60,10
2025-07-30,0.006018,38,mid_weak,momentum_60,10
2025-07-31,-0.099464,38,mid_weak,momentum_60,10
2025-08-01,0.003173,38,mid_weak,momentum_60,10
2025-08-04,-0.129445,38,mid_weak,momentum_60,10
2025-08-05,-0.494912,38,mid_weak,momentum_60,10
2025-08-06,-0.538462,38,mid_weak,momentum_60,10
2025-08-07,-0.730605,38,mid_weak,momentum_60,10
2025-08-08,-0.726447,38,mid_weak,momentum_60,10
2025-08-11,-0.687055,38,mid_weak,momentum_60,10
2025-08-12,-0.698654,38,mid_weak,momentum_60,10
2025-08-13,-0.522705,38,mid_weak,momentum_60,10
2025-08-14,-0.463617,38,mid_weak,momentum_60,10
2025-08-15,-0.362293,38,mid_weak,momentum_60,10
2025-08-18,-0.366889,38,mid_weak,momentum_60,10
2025-08-19,-0.154393,38,mid_weak,momentum_60,10
2025-08-20,0.110844,38,mid_weak,momentum_60,10
2025-08-21,0.079549,38,mid_weak,momentum_60,10
2025-08-22,-0.043878,38,mid_weak,momentum_60,10
2025-08-25,0.123318,38,mid_weak,momentum_60,10
2025-08-26,0.26272,38,mid_weak,momentum_60,10
2025-08-27,0.312616,38,mid_weak,momentum_60,10
2025-08-28,0.382865,38,mid_weak,momentum_60,10
2025-08-29,0.463399,38,mid_weak,momentum_60,10
2025-09-02,0.510012,38,mid_weak,momentum_60,10
2025-09-03,0.415472,38,mid_weak,momentum_60,10
2025-09-04,0.454207,38,mid_weak,momentum_60,10
2025-09-05,0.537805,38,mid_weak,momentum_60,10
2025-09-08,0.516577,38,mid_weak,momentum_60,10
2025-09-09,0.537367,38,mid_weak,momentum_60,10
2025-09-10,0.170588,38,mid_weak,momentum_60,10
2025-09-11,0.192691,38,mid_weak,momentum_60,10
2025-09-12,0.122661,38,mid_weak,momentum_60,10
2025-09-15,0.136448,38,mid_weak,momentum_60,10
2025-09-16,0.137105,38,mid_weak,momentum_60,10
2025-09-17,0.134041,38,mid_weak,momentum_60,10
2025-09-18,0.167305,38,mid_weak,momentum_60,10
2025-09-19,-0.048255,38,mid_weak,momentum_60,10
2025-09-22,-0.042127,38,mid_weak,momentum_60,10
2025-09-23,-0.052413,38,mid_weak,momentum_60,10
2025-09-24,0.037094,38,mid_weak,momentum_60,10
2025-09-25,-0.010395,38,mid_weak,momentum_60,10
2025-09-26,-0.147828,38,mid_weak,momentum_60,10
2025-09-29,0.12485,38,mid_weak,momentum_60,10
2025-09-30,-0.091586,38,mid_weak,momentum_60,10
2025-10-01,0.034468,38,mid_weak,momentum_60,10
2025-10-02,0.182624,38,mid_weak,momentum_60,10
2025-10-03,0.366451,38,mid_weak,momentum_60,10
2025-10-06,0.220921,38,mid_weak,momentum_60,10
2025-10-07,0.136886,38,mid_weak,momentum_60,10
2025-10-08,-0.281103,38,mid_weak,momentum_60,10
2025-10-09,-0.004049,38,mid_weak,momentum_60,10
2025-10-10,0.434293,38,mid_weak,momentum_60,10
2025-04-23,-0.498413,38,mid_weak,momentum_60,20
2025-04-24,-0.460991,38,mid_weak,momentum_60,20
2025-04-25,-0.42729,38,mid_weak,momentum_60,20
2025-04-28,-0.533647,38,mid_weak,momentum_60,20
2025-04-29,-0.44239,38,mid_weak,momentum_60,20
2025-04-30,-0.562097,38,mid_weak,momentum_60,20
2025-05-01,-0.45552,38,mid_weak,momentum_60,20
2025-05-02,-0.406937,38,mid_weak,momentum_60,20
2025-05-05,-0.423569,38,mid_weak,momentum_60,20
2025-05-06,-0.370828,38,mid_weak,momentum_60,20
2025-05-07,-0.271474,38,mid_weak,momentum_60,20
2025-05-08,-0.202539,38,mid_weak,momentum_60,20
2025-05-09,-0.230769,38,mid_weak,momentum_60,20
2025-05-12,-0.156144,38,mid_weak,momentum_60,20
2025-05-13,0.066419,38,mid_weak,momentum_60,20
2025-05-14,-0.008863,38,mid_weak,momentum_60,20
2025-05-15,-0.165117,38,mid_weak,momentum_60,20
2025-05-16,-0.205165,38,mid_weak,momentum_60,20
2025-05-19,-0.097713,38,mid_weak,momentum_60,20
2025-05-20,0.088959,38,mid_weak,momentum_60,20
2025-05-21,0.27213,38,mid_weak,momentum_60,20
2025-05-22,0.105154,38,mid_weak,momentum_60,20
2025-05-23,0.394463,38,mid_weak,momentum_60,20
2025-05-27,0.290951,38,mid_weak,momentum_60,20
2025-05-28,0.322464,38,mid_weak,momentum_60,20
2025-05-29,0.218733,38,mid_weak,momentum_60,20
2025-05-30,0.159427,38,mid_weak,momentum_60,20
2025-06-02,0.084583,38,mid_weak,momentum_60,20
2025-06-03,0.066637,38,mid_weak,momentum_60,20
2025-06-04,0.046066,38,mid_weak,momentum_60,20
2025-06-05,0.173433,38,mid_weak,momentum_60,20
2025-06-06,0.161396,38,mid_weak,momentum_60,20
2025-06-09,0.186563,38,mid_weak,momentum_60,20
2025-06-10,0.211511,38,mid_weak,momentum_60,20
2025-06-11,0.14564,38,mid_weak,momentum_60,20
2025-06-12,0.243024,38,mid_weak,momentum_60,20
2025-06-13,0.301893,38,mid_weak,momentum_60,20
2025-06-16,0.269285,38,mid_weak,momentum_60,20
2025-06-17,0.34019,38,mid_weak,momentum_60,20
2025-06-18,0.277601,38,mid_weak,momentum_60,20
2025-06-20,0.232301,38,mid_weak,momentum_60,20
2025-06-23,0.11719,38,mid_weak,momentum_60,20
2025-06-24,0.090491,38,mid_weak,momentum_60,20
2025-06-25,0.099902,38,mid_weak,momentum_60,20
2025-06-26,0.005799,38,mid_weak,momentum_60,20
2025-06-27,0.101215,38,mid_weak,momentum_60,20
2025-06-30,0.162928,38,mid_weak,momentum_60,20
2025-07-01,0.378707,38,mid_weak,momentum_60,20
2025-07-02,0.459897,38,mid_weak,momentum_60,20
2025-07-03,0.154612,38,mid_weak,momentum_60,20
2025-07-07,0.21742,38,mid_weak,momentum_60,20
2025-07-08,0.183499,38,mid_weak,momentum_60,20
2025-07-09,0.240398,38,mid_weak,momentum_60,20
2025-07-10,0.288981,38,mid_weak,momentum_60,20
2025-07-11,0.32509,38,mid_weak,momentum_60,20
2025-07-14,0.379144,38,mid_weak,momentum_60,20
2025-07-15,0.441952,38,mid_weak,momentum_60,20
2025-07-16,0.355947,38,mid_weak,momentum_60,20
2025-07-17,0.354196,38,mid_weak,momentum_60,20
2025-07-18,0.179779,38,mid_weak,momentum_60,20
2025-07-21,0.187876,38,mid_weak,momentum_60,20
2025-07-22,0.125287,38,mid_weak,momentum_60,20
2025-07-23,-0.006456,38,mid_weak,momentum_60,20
2025-07-24,-0.173651,38,mid_weak,momentum_60,20
2025-07-25,-0.107123,38,mid_weak,momentum_60,20
2025-07-28,-0.131853,38,mid_weak,momentum_60,20
2025-07-29,-0.2137,38,mid_weak,momentum_60,20
2025-07-30,-0.348725,38,mid_weak,momentum_60,20
2025-07-31,-0.239304,38,mid_weak,momentum_60,20
2025-08-01,-0.262283,38,mid_weak,momentum_60,20
2025-08-04,-0.365576,38,mid_weak,momentum_60,20
2025-08-05,-0.347193,38,mid_weak,momentum_60,20
2025-08-06,-0.267754,38,mid_weak,momentum_60,20
2025-08-07,-0.294671,38,mid_weak,momentum_60,20
2025-08-08,-0.255936,38,mid_weak,momentum_60,20
2025-08-11,-0.202976,38,mid_weak,momentum_60,20
2025-08-12,-0.092461,38,mid_weak,momentum_60,20
2025-08-13,-0.033373,38,mid_weak,momentum_60,20
2025-08-14,-0.014115,38,mid_weak,momentum_60,20
2025-08-15,0.154831,38,mid_weak,momentum_60,20
2025-08-18,0.203195,38,mid_weak,momentum_60,20
2025-08-19,0.282197,38,mid_weak,momentum_60,20
2025-08-20,0.313929,38,mid_weak,momentum_60,20
2025-08-21,0.315024,38,mid_weak,momentum_60,20
2025-08-22,0.276726,38,mid_weak,momentum_60,20
2025-08-25,0.365138,38,mid_weak,momentum_60,20
2025-08-26,0.32334,38,mid_weak,momentum_60,20
2025-08-27,0.390962,38,mid_weak,momentum_60,20
2025-08-28,0.410439,38,mid_weak,momentum_60,20
2025-08-29,0.476529,38,mid_weak,momentum_60,20
2025-09-02,0.54065,38,mid_weak,momentum_60,20
2025-09-03,0.463399,38,mid_weak,momentum_60,20
2025-09-04,0.417661,38,mid_weak,momentum_60,20
2025-09-05,0.366014,38,mid_weak,momentum_60,20
2025-09-08,0.319838,38,mid_weak,momentum_60,20
2025-09-09,0.296641,38,mid_weak,momentum_60,20
2025-09-10,0.188314,38,mid_weak,momentum_60,20
2025-09-11,0.255061,38,mid_weak,momentum_60,20
2025-09-12,0.080862,38,mid_weak,momentum_60,20
2025-09-15,0.087865,38,mid_weak,momentum_60,20
2025-09-16,0.025276,38,mid_weak,momentum_60,20
2025-09-17,0.185907,38,mid_weak,momentum_60,20
2025-09-18,0.228143,38,mid_weak,momentum_60,20
2025-09-19,0.064668,38,mid_weak,momentum_60,20
2025-09-22,0.078893,38,mid_weak,momentum_60,20
2025-09-23,-0.112376,38,mid_weak,momentum_60,20
2025-09-24,0.01521,38,mid_weak,momentum_60,20
2025-09-25,0.09071,38,mid_weak,momentum_60,20
2025-09-26,0.162709,38,mid_weak,momentum_60,20
2025-04-23,-0.463617,38,mid_weak,momentum_60,60
2025-04-24,-0.416566,38,mid_weak,momentum_60,60
2025-04-25,-0.431666,38,mid_weak,momentum_60,60
2025-04-28,-0.462304,38,mid_weak,momentum_60,60
2025-04-29,-0.437794,38,mid_weak,momentum_60,60
2025-04-30,-0.510669,38,mid_weak,momentum_60,60
2025-05-01,-0.391399,38,mid_weak,momentum_60,60
2025-05-02,-0.363169,38,mid_weak,momentum_60,60
2025-05-05,-0.418755,38,mid_weak,momentum_60,60
2025-05-06,-0.314586,38,mid_weak,momentum_60,60
2025-05-07,-0.327279,38,mid_weak,momentum_60,60
2025-05-08,-0.197505,38,mid_weak,momentum_60,60
2025-05-09,-0.242149,38,mid_weak,momentum_60,60
2025-05-12,-0.158551,38,mid_weak,momentum_60,60
2025-05-13,-0.024839,38,mid_weak,momentum_60,60
2025-05-14,0.082613,38,mid_weak,momentum_60,60
2025-05-15,-0.04541,38,mid_weak,momentum_60,60
2025-05-16,-0.054601,38,mid_weak,momentum_60,60
2025-05-19,0.076923,38,mid_weak,momentum_60,60
2025-05-20,0.126381,38,mid_weak,momentum_60,60
2025-05-21,0.222672,38,mid_weak,momentum_60,60
2025-05-22,-0.065324,38,mid_weak,momentum_60,60
2025-05-23,0.230113,38,mid_weak,momentum_60,60
2025-05-27,0.194441,38,mid_weak,momentum_60,60
2025-05-28,0.312397,38,mid_weak,momentum_60,60
2025-05-29,0.294015,38,mid_weak,momentum_60,60
2025-05-30,0.244775,38,mid_weak,momentum_60,60
2025-06-02,0.194879,38,mid_weak,momentum_60,60
2025-06-03,0.293577,38,mid_weak,momentum_60,60
2025-06-04,0.143889,38,mid_weak,momentum_60,60
2025-06-05,0.20407,38,mid_weak,momentum_60,60
2025-06-06,0.18328,38,mid_weak,momentum_60,60
2025-06-09,0.209542,38,mid_weak,momentum_60,60
2025-06-10,0.273443,38,mid_weak,momentum_60,60
2025-06-11,0.290513,38,mid_weak,momentum_60,60
2025-06-12,0.330342,38,mid_weak,momentum_60,60
2025-06-13,0.30627,38,mid_weak,momentum_60,60
2025-06-16,0.248277,38,mid_weak,momentum_60,60
2025-06-17,0.332531,38,mid_weak,momentum_60,60
2025-06-18,0.215231,38,mid_weak,momentum_60,60
2025-06-20,0.08502,38,mid_weak,momentum_60,60
2025-06-23,0.116096,38,mid_weak,momentum_60,60
2025-06-24,0.240179,38,mid_weak,momentum_60,60
2025-06-25,0.187876,38,mid_weak,momentum_60,60
2025-06-26,0.11916,38,mid_weak,momentum_60,60
2025-06-27,0.053726,38,mid_weak,momentum_60,60
2025-06-30,0.07933,38,mid_weak,momentum_60,60
2025-07-01,0.230769,38,mid_weak,momentum_60,60
2025-07-02,0.320713,38,mid_weak,momentum_60,60
2025-07-03,0.280884,38,mid_weak,momentum_60,60
2025-07-07,0.240398,38,mid_weak,momentum_60,60
2025-07-08,0.276507,38,mid_weak,momentum_60,60
2025-07-09,0.329467,38,mid_weak,momentum_60,60
2025-07-10,0.283729,38,mid_weak,momentum_60,60
2025-07-11,0.361856,38,mid_weak,momentum_60,60
2025-07-14,0.337345,38,mid_weak,momentum_60,60
2025-07-15,0.387898,38,mid_weak,momentum_60,60
2025-07-16,0.423788,38,mid_weak,momentum_60,60
2025-07-17,0.325528,38,mid_weak,momentum_60,60
2025-07-18,0.359886,38,mid_weak,momentum_60,60
2025-07-21,0.342817,38,mid_weak,momentum_60,60
2025-07-22,0.348506,38,mid_weak,momentum_60,60
2025-07-23,0.310647,38,mid_weak,momentum_60,60
2025-07-24,0.260751,38,mid_weak,momentum_60,60
2025-07-25,0.289857,38,mid_weak,momentum_60,60
2025-07-28,0.300142,38,mid_weak,momentum_60,60
2025-07-29,0.177372,38,mid_weak,momentum_60,60
2025-07-30,0.135354,38,mid_weak,momentum_60,60
2025-07-31,0.183499,38,mid_weak,momentum_60,60
2025-04-23,0.137105,38,mid_weak,reversal_5,5
2025-04-24,-0.041908,38,mid_weak,reversal_5,5
2025-04-25,-0.240398,38,mid_weak,reversal_5,5
2025-04-28,-0.29292,38,mid_weak,reversal_5,5
2025-04-29,-0.220046,38,mid_weak,reversal_5,5
2025-04-30,-0.164898,38,mid_weak,reversal_5,5
2025-05-01,-0.20976,38,mid_weak,reversal_5,5
2025-05-02,-0.07758,38,mid_weak,reversal_5,5
2025-05-05,-0.02265,38,mid_weak,reversal_5,5
2025-05-06,-0.103841,38,mid_weak,reversal_5,5
2025-05-07,-0.30255,38,mid_weak,reversal_5,5
2025-05-08,-0.38002,38,mid_weak,reversal_5,5
2025-05-09,-0.268191,38,mid_weak,reversal_5,5
2025-05-12,-0.034468,38,mid_weak,reversal_5,5
2025-05-13,0.357917,38,mid_weak,reversal_5,5
2025-05-14,0.570413,38,mid_weak,reversal_5,5
2025-05-15,0.035343,38,mid_weak,reversal_5,5
2025-05-16,0.088303,38,mid_weak,reversal_5,5
2025-05-19,-0.371485,38,mid_weak,reversal_5,5
2025-05-20,-0.070139,38,mid_weak,reversal_5,5
2025-05-21,0.266003,38,mid_weak,reversal_5,5
2025-05-22,0.121348,38,mid_weak,reversal_5,5
2025-05-23,-0.095525,38,mid_weak,reversal_5,5
2025-05-27,0.112813,38,mid_weak,reversal_5,5
2025-05-28,-0.200131,38,mid_weak,reversal_5,5
2025-05-29,-0.121567,38,mid_weak,reversal_5,5
2025-05-30,0.040376,38,mid_weak,reversal_5,5
2025-06-02,0.15308,38,mid_weak,reversal_5,5
2025-06-03,0.037531,38,mid_weak,reversal_5,5
2025-06-04,0.042784,38,mid_weak,reversal_5,5
2025-06-05,0.255061,38,mid_weak,reversal_5,5
2025-06-06,-0.036437,38,mid_weak,reversal_5,5
2025-06-09,-0.410658,38,mid_weak,reversal_5,5
2025-06-10,-0.084583,38,mid_weak,reversal_5,5
2025-06-11,-0.216544,38,mid_weak,reversal_5,5
2025-06-12,-0.162272,38,mid_weak,reversal_5,5
2025-06-13,-0.036437,38,mid_weak,reversal_5,5
2025-06-16,-0.190283,38,mid_weak,reversal_5,5
2025-06-17,-0.363607,38,mid_weak,reversal_5,5
2025-06-18,-0.288106,38,mid_weak,reversal_5,5
2025-06-20,-0.112594,38,mid_weak,reversal_5,5
2025-06-23,-0.311084,38,mid_weak,reversal_5,5
2025-06-24,0.245651,38,mid_weak,reversal_5,5
2025-06-25,0.309334,38,mid_weak,reversal_5,5
2025-06-26,0.313492,38,mid_weak,reversal_5,5
2025-06-27,0.315024,38,mid_weak,reversal_5,5
2025-06-30,0.294234,38,mid_weak,reversal_5,5
2025-07-01,0.307364,38,mid_weak,reversal_5,5
2025-07-02,0.164241,38,mid_weak,reversal_5,5
2025-07-03,0.327935,38,mid_weak,reversal_5,5
2025-07-07,0.113032,38,mid_weak,reversal_5,5
2025-07-08,-0.007769,38,mid_weak,reversal_5,5
2025-07-09,-0.298392,38,mid_weak,reversal_5,5
2025-07-10,-0.250027,38,mid_weak,reversal_5,5
2025-07-11,0.012365,38,mid_weak,reversal_5,5
2025-07-14,-0.225517,38,mid_weak,reversal_5,5
2025-07-15,-0.009082,38,mid_weak,reversal_5,5
2025-07-16,-0.174308,38,mid_weak,reversal_5,5
2025-07-17,0.200569,38,mid_weak,reversal_5,5
2025-07-18,0.012802,38,mid_weak,reversal_5,5
2025-07-21,0.048692,38,mid_weak,reversal_5,5
2025-07-22,0.220484,38,mid_weak,reversal_5,5
2025-07-23,0.290294,38,mid_weak,reversal_5,5
2025-07-24,0.005799,38,mid_weak,reversal_5,5
2025-07-25,-0.204289,38,mid_weak,reversal_5,5
2025-07-28,-0.135792,38,mid_weak,reversal_5,5
2025-07-29,-0.287668,38,mid_weak,reversal_5,5
2025-07-30,-0.07933,38,mid_weak,reversal_5,5
2025-07-31,-0.187438,38,mid_weak,reversal_5,5
2025-08-01,-0.050005,38,mid_weak,reversal_5,5
2025-08-04,0.027902,38,mid_weak,reversal_5,5
2025-08-05,-0.065981,38,mid_weak,reversal_5,5
2025-08-06,0.035781,38,mid_weak,reversal_5,5
2025-08-07,0.059635,38,mid_weak,reversal_5,5
2025-08-08,0.191378,38,mid_weak,reversal_5,5
2025-08-11,0.314805,38,mid_weak,reversal_5,5
2025-08-12,0.513076,38,mid_weak,reversal_5,5
2025-08-13,0.482438,38,mid_weak,reversal_5,5
2025-08-14,0.198381,38,mid_weak,reversal_5,5
2025-08-15,0.045847,38,mid_weak,reversal_5,5
2025-08-18,-0.081081,38,mid_weak,reversal_5,5
2025-08-19,0.264252,38,mid_weak,reversal_5,5
2025-08-20,0.211073,38,mid_weak,reversal_5,5
2025-08-21,0.296641,38,mid_weak,reversal_5,5
2025-08-22,-0.063793,38,mid_weak,reversal_5,5
2025-08-25,0.007988,38,mid_weak,reversal_5,5
2025-08-26,0.18153,38,mid_weak,reversal_5,5
2025-08-27,-0.046723,38,mid_weak,reversal_5,5
2025-08-28,-0.093555,38,mid_weak,reversal_5,5
2025-08-29,-0.154612,38,mid_weak,reversal_5,5
2025-09-02,0.015866,38,mid_weak,reversal_5,5
2025-09-03,0.027246,38,mid_weak,reversal_5,5
2025-09-04,-0.057665,38,mid_weak,reversal_5,5
2025-09-05,-0.122661,38,mid_weak,reversal_5,5
2025-09-08,-0.179998,38,mid_weak,reversal_5,5
2025-09-09,-0.25703,38,mid_weak,reversal_5,5
2025-09-10,0.084145,38,mid_weak,reversal_5,5
2025-09-11,-0.215888,38,mid_weak,reversal_5,5
2025-09-12,-0.192691,38,mid_weak,reversal_5,5
2025-09-15,-0.137324,38,mid_weak,reversal_5,5
2025-09-16,-0.174089,38,mid_weak,reversal_5,5
2025-09-17,-0.072984,38,mid_weak,reversal_5,5
2025-09-18,0.221797,38,mid_weak,reversal_5,5
2025-09-19,0.285917,38,mid_weak,reversal_5,5
2025-09-22,0.041252,38,mid_weak,reversal_5,5
2025-09-23,-0.09268,38,mid_weak,reversal_5,5
2025-09-24,-0.528176,38,mid_weak,reversal_5,5
2025-09-25,0.034905,38,mid_weak,reversal_5,5
2025-09-26,0.053288,38,mid_weak,reversal_5,5
2025-09-29,-0.061604,38,mid_weak,reversal_5,5
2025-09-30,-0.239961,38,mid_weak,reversal_5,5
2025-10-01,-0.282854,38,mid_weak,reversal_5,5
2025-10-02,-0.432761,38,mid_weak,reversal_5,5
2025-10-03,0.076485,38,mid_weak,reversal_5,5
2025-10-06,0.011052,38,mid_weak,reversal_5,5
2025-10-07,-0.092461,38,mid_weak,reversal_5,5
2025-10-08,0.297297,38,mid_weak,reversal_5,5
2025-10-09,0.247182,38,mid_weak,reversal_5,5
2025-10-10,0.201663,38,mid_weak,reversal_5,5
2025-10-13,0.129008,38,mid_weak,reversal_5,5
2025-10-14,-0.132509,38,mid_weak,reversal_5,5
2025-10-15,0.140387,38,mid_weak,reversal_5,5
2025-10-16,0.18722,38,mid_weak,reversal_5,5
2025-10-17,-0.118722,38,mid_weak,reversal_5,5
2025-04-23,0.086333,38,mid_weak,reversal_5,10
2025-04-24,-0.293796,38,mid_weak,reversal_5,10
2025-04-25,-0.306489,38,mid_weak,reversal_5,10
2025-04-28,-0.53299,38,mid_weak,reversal_5,10
2025-04-29,-0.579166,38,mid_weak,reversal_5,10
2025-04-30,-0.248714,38,mid_weak,reversal_5,10
2025-05-01,-0.320713,38,mid_weak,reversal_5,10
2025-05-02,-0.093774,38,mid_weak,reversal_5,10
2025-05-05,-0.098807,38,mid_weak,reversal_5,10
2025-05-06,-0.210636,38,mid_weak,reversal_5,10
2025-05-07,-0.246745,38,mid_weak,reversal_5,10
2025-05-08,-0.301236,38,mid_weak,reversal_5,10
2025-05-09,-0.269504,38,mid_weak,reversal_5,10
2025-05-12,-0.17015,38,mid_weak,reversal_5,10
2025-05-13,0.10581,38,mid_weak,reversal_5,10
2025-05-14,0.12288,38,mid_weak,reversal_5,10
2025-05-15,0.131196,38,mid_weak,reversal_5,10
2025-05-16,0.040595,38,mid_weak,reversal_5,10
2025-05-19,-0.410439,38,mid_weak,reversal_5,10
2025-05-20,-0.135354,38,mid_weak,reversal_5,10
2025-05-21,-0.182405,38,mid_weak,reversal_5,10
2025-05-22,-0.078236,38,mid_weak,reversal_5,10
2025-05-23,-0.179998,38,mid_weak,reversal_5,10
2025-05-27,0.12288,38,mid_weak,reversal_5,10
2025-05-28,0.123755,38,mid_weak,reversal_5,10
2025-05-29,0.09443,38,mid_weak,reversal_5,10
2025-05-30,0.15308,38,mid_weak,reversal_5,10
2025-06-02,0.039939,38,mid_weak,reversal_5,10
2025-06-03,-0.231863,38,mid_weak,reversal_5,10
2025-06-04,-0.079112,38,mid_weak,reversal_5,10
2025-06-05,0.163366,38,mid_weak,reversal_5,10
2025-06-06,-0.135573,38,mid_weak,reversal_5,10
2025-06-09,-0.278477,38,mid_weak,reversal_5,10
2025-06-10,0.094649,38,mid_weak,reversal_5,10
2025-06-11,0.092023,38,mid_weak,reversal_5,10
2025-06-12,0.119378,38,mid_weak,reversal_5,10
2025-06-13,0.221359,38,mid_weak,reversal_5,10
2025-06-16,0.049349,38,mid_weak,reversal_5,10
2025-06-17,-0.032717,38,mid_weak,reversal_5,10
2025-06-18,-0.131634,38,mid_weak,reversal_5,10
2025-06-20,0.102746,38,mid_weak,reversal_5,10
2025-06-23,-0.143232,38,mid_weak,reversal_5,10
2025-06-24,-0.066856,38,mid_weak,reversal_5,10
2025-06-25,0.090054,38,mid_weak,reversal_5,10
2025-06-26,0.160521,38,mid_weak,reversal_5,10
2025-06-27,0.096838,38,mid_weak,reversal_5,10
2025-06-30,-0.071233,38,mid_weak,reversal_5,10
2025-07-01,0.197286,38,mid_weak,reversal_5,10
2025-07-02,0.07561,38,mid_weak,reversal_5,10
2025-07-03,0.227487,38,mid_weak,reversal_5,10
2025-07-07,0.016741,38,mid_weak,reversal_5,10
2025-07-08,-0.020462,38,mid_weak,reversal_5,10
2025-07-09,-0.236459,38,mid_weak,reversal_5,10
2025-07-10,-0.381989,38,mid_weak,reversal_5,10
2025-07-11,-0.060072,38,mid_weak,reversal_5,10
2025-07-14,-0.356822,38,mid_weak,reversal_5,10
2025-07-15,-0.393807,38,mid_weak,reversal_5,10
2025-07-16,-0.502353,38,mid_weak,reversal_5,10
2025-07-17,-0.287231,38,mid_weak,reversal_5,10
2025-07-18,-0.212605,38,mid_weak,reversal_5,10
2025-07-21,-0.244775,38,mid_weak,reversal_5,10
2025-07-22,0.242806,38,mid_weak,reversal_5,10
2025-07-23,0.156144,38,mid_weak,reversal_5,10
2025-07-24,0.201444,38,mid_weak,reversal_5,10
2025-07-25,0.032717,38,mid_weak,reversal_5,10
2025-07-28,0.150892,38,mid_weak,reversal_5,10
2025-07-29,-0.157238,38,mid_weak,reversal_5,10
2025-07-30,0.025495,38,mid_weak,reversal_5,10
2025-07-31,-0.004924,38,mid_weak,reversal_5,10
2025-08-01,0.055477,38,mid_weak,reversal_5,10
2025-08-04,0.149798,38,mid_weak,reversal_5,10
2025-08-05,0.326403,38,mid_weak,reversal_5,10
2025-08-06,0.136011,38,mid_weak,reversal_5,10
2025-08-07,0.167961,38,mid_weak,reversal_5,10
2025-08-08,0.444578,38,mid_weak,reversal_5,10
2025-08-11,0.280884,38,mid_weak,reversal_5,10
2025-08-12,0.416348,38,mid_weak,reversal_5,10
2025-08-13,0.291826,38,mid_weak,reversal_5,10
2025-08-14,0.358792,38,mid_weak,reversal_5,10
2025-08-15,0.074078,38,mid_weak,reversal_5,10
2025-08-18,-0.200569,38,mid_weak,reversal_5,10
2025-08-19,-0.0964,38,mid_weak,reversal_5,10
2025-08-20,0.164898,38,mid_weak,reversal_5,10
2025-08-21,0.20801,38,mid_weak,reversal_5,10
2025-08-22,0.278477,38,mid_weak,reversal_5,10
2025-08-25,0.327935,38,mid_weak,reversal_5,10
2025-08-26,-0.034687,38,mid_weak,reversal_5,10
2025-08-27,-0.384615,38,mid_weak,reversal_5,10
2025-08-28,-0.331218,38,mid_weak,reversal_5,10
2025-08-29,-0.097932,38,mid_weak,reversal_5,10
2025-09-02,0.00952,38,mid_weak,reversal_5,10
2025-09-03,-0.122442,38,mid_weak,reversal_5,10
2025-09-04,-0.142795,38,mid_weak,reversal_5,10
2025-09-05,-0.23449,38,mid_weak,reversal_5,10
2025-09-08,-0.171244,38,mid_weak,reversal_5,10
2025-09-09,-0.259875,38,mid_weak,reversal_5,10
2025-09-10,-0.070795,38,mid_weak,reversal_5,10
2025-09-11,-0.002736,38,mid_weak,reversal_5,10
2025-09-12,-0.071014,38,mid_weak,reversal_5,10
2025-09-15,-0.168837,38,mid_weak,reversal_5,10
2025-09-16,-0.143451,38,mid_weak,reversal_5,10
2025-09-17,-0.082832,38,mid_weak,reversal_5,10
2025-09-18,0.061166,38,mid_weak,reversal_5,10
2025-09-19,0.197505,38,mid_weak,reversal_5,10
2025-09-22,-0.051975,38,mid_weak,reversal_5,10
2025-09-23,-0.069045,38,mid_weak,reversal_5,10
2025-09-24,-0.366233,38,mid_weak,reversal_5,10
2025-09-25,0.109968,38,mid_weak,reversal_5,10
2025-09-26,0.22683,38,mid_weak,reversal_5,10
2025-09-29,0.11522,38,mid_weak,reversal_5,10
2025-09-30,-0.045191,38,mid_weak,reversal_5,10
2025-10-01,0.018054,38,mid_weak,reversal_5,10
2025-10-02,0.001204,38,mid_weak,reversal_5,10
2025-10-03,0.071452,38,mid_weak,reversal_5,10
2025-10-06,0.040814,38,mid_weak,reversal_5,10
2025-10-07,0.095962,38,mid_weak,reversal_5,10
2025-10-08,0.303425,38,mid_weak,reversal_5,10
2025-10-09,0.377612,38,mid_weak,reversal_5,10
2025-10-10,0.327935,38,mid_weak,reversal_5,10
2025-04-23,0.071233,38,mid_weak,reversal_5,20
2025-04-24,-0.395995,38,mid_weak,reversal_5,20
2025-04-25,-0.635628,38,mid_weak,reversal_5,20
2025-04-28,-0.681147,38,mid_weak,reversal_5,20
2025-04-29,-0.534522,38,mid_weak,reversal_5,20
2025-04-30,-0.321808,38,mid_weak,reversal_5,20
2025-05-01,-0.47456,38,mid_weak,reversal_5,20
2025-05-02,-0.394244,38,mid_weak,reversal_5,20
2025-05-05,-0.304957,38,mid_weak,reversal_5,20
2025-05-06,-0.405405,38,mid_weak,reversal_5,20
2025-05-07,-0.513295,38,mid_weak,reversal_5,20
2025-05-08,-0.478061,38,mid_weak,reversal_5,20
2025-05-09,-0.169056,38,mid_weak,reversal_5,20
2025-05-12,-0.106248,38,mid_weak,reversal_5,20
2025-05-13,0.07561,38,mid_weak,reversal_5,20
2025-05-14,0.177372,38,mid_weak,reversal_5,20
2025-05-15,-0.006675,38,mid_weak,reversal_5,20
2025-05-16,-0.198162,38,mid_weak,reversal_5,20
2025-05-19,-0.124412,38,mid_weak,reversal_5,20
2025-05-20,-0.058321,38,mid_weak,reversal_5,20
2025-05-21,0.052194,38,mid_weak,reversal_5,20
2025-05-22,-0.029653,38,mid_weak,reversal_5,20
2025-05-23,-0.137761,38,mid_weak,reversal_5,20
2025-05-27,-0.101433,38,mid_weak,reversal_5,20
2025-05-28,-0.014991,38,mid_weak,reversal_5,20
2025-05-29,0.051975,38,mid_weak,reversal_5,20
2025-05-30,0.302987,38,mid_weak,reversal_5,20
2025-06-02,0.158989,38,mid_weak,reversal_5,20
2025-06-03,0.071014,38,mid_weak,reversal_5,20
2025-06-04,0.018273,38,mid_weak,reversal_5,20
2025-06-05,0.171901,38,mid_weak,reversal_5,20
2025-06-06,-0.167961,38,mid_weak,reversal_5,20
2025-06-09,-0.443265,38,mid_weak,reversal_5,20
2025-06-10,-0.028121,38,mid_weak,reversal_5,20
2025-06-11,0.018711,38,mid_weak,reversal_5,20
2025-06-12,0.008644,38,mid_weak,reversal_5,20
2025-06-13,0.102309,38,mid_weak,reversal_5,20
2025-06-16,-0.046723,38,mid_weak,reversal_5,20
2025-06-17,-0.146734,38,mid_weak,reversal_5,20
2025-06-18,-0.132071,38,mid_weak,reversal_5,20
2025-06-20,-0.048474,38,mid_weak,reversal_5,20
2025-06-23,-0.158332,38,mid_weak,reversal_5,20
2025-06-24,-0.129664,38,mid_weak,reversal_5,20
2025-06-25,-0.134916,38,mid_weak,reversal_5,20
2025-06-26,0.000328,38,mid_weak,reversal_5,20
2025-06-27,-0.074953,38,mid_weak,reversal_5,20
2025-06-30,-0.127476,38,mid_weak,reversal_5,20
2025-07-01,0.090491,38,mid_weak,reversal_5,20
2025-07-02,0.07758,38,mid_weak,reversal_5,20
2025-07-03,0.091367,38,mid_weak,reversal_5,20
2025-07-07,0.018054,38,mid_weak,reversal_5,20
2025-07-08,0.11347,38,mid_weak,reversal_5,20
2025-07-09,-0.2892,38,mid_weak,reversal_5,20
2025-07-10,-0.289638,38,mid_weak,reversal_5,20
2025-07-11,-0.323777,38,mid_weak,reversal_5,20
2025-07-14,-0.498851,38,mid_weak,reversal_5,20
2025-07-15,-0.599737,38,mid_weak,reversal_5,20
2025-07-16,-0.440639,38,mid_weak,reversal_5,20
2025-07-17,-0.313492,38,mid_weak,reversal_5,20
2025-07-18,0.032498,38,mid_weak,reversal_5,20
2025-07-21,-0.137324,38,mid_weak,reversal_5,20
2025-07-22,0.427508,38,mid_weak,reversal_5,20
2025-07-23,0.279133,38,mid_weak,reversal_5,20
2025-07-24,0.324653,38,mid_weak,reversal_5,20
2025-07-25,0.14936,38,mid_weak,reversal_5,20
2025-07-28,0.248933,38,mid_weak,reversal_5,20
2025-07-29,0.137324,38,mid_weak,reversal_5,20
2025-07-30,0.224204,38,mid_weak,reversal_5,20
2025-07-31,0.123318,38,mid_weak,reversal_5,20
2025-08-01,0.230988,38,mid_weak,reversal_5,20
2025-08-04,0.286574,38,mid_weak,reversal_5,20
2025-08-05,0.258343,38,mid_weak,reversal_5,20
2025-08-06,0.041252,38,mid_weak,reversal_5,20
2025-08-07,-0.164679,38,mid_weak,reversal_5,20
2025-08-08,-0.088303,38,mid_weak,reversal_5,20
2025-08-11,-0.12485,38,mid_weak,reversal_5,20
2025-08-12,-0.082394,38,mid_weak,reversal_5,20
2025-08-13,-0.048692,38,mid_weak,reversal_5,20
2025-08-14,0.101652,38,mid_weak,reversal_5,20
2025-08-15,0.202101,38,mid_weak,reversal_5,20
2025-08-18,0.182405,38,mid_weak,reversal_5,20
2025-08-19,0.325309,38,mid_weak,reversal_5,20
2025-08-20,0.380895,38,mid_weak,reversal_5,20
2025-08-21,0.404749,38,mid_weak,reversal_5,20
2025-08-22,0.259875,38,mid_weak,reversal_5,20
2025-08-25,0.099464,38,mid_weak,reversal_5,20
2025-08-26,-0.19466,38,mid_weak,reversal_5,20
2025-08-27,-0.485721,38,mid_weak,reversal_5,20
2025-08-28,-0.397965,38,mid_weak,reversal_5,20
2025-08-29,-0.121567,38,mid_weak,reversal_5,20
2025-09-02,-0.058759,38,mid_weak,reversal_5,20
2025-09-03,-0.078017,38,mid_weak,reversal_5,20
2025-09-04,0.025057,38,mid_weak,reversal_5,20
2025-09-05,0.061385,38,mid_weak,reversal_5,20
2025-09-08,0.090054,38,mid_weak,reversal_5,20
2025-09-09,-0.001204,38,mid_weak,reversal_5,20
2025-09-10,-0.112594,38,mid_weak,reversal_5,20
2025-09-11,-0.265127,38,mid_weak,reversal_5,20
2025-09-12,-0.178028,38,mid_weak,reversal_5,20
2025-09-15,-0.250903,38,mid_weak,reversal_5,20
2025-09-16,-0.065981,38,mid_weak,reversal_5,20
2025-09-17,0.123099,38,mid_weak,reversal_5,20
2025-09-18,0.137324,38,mid_weak,reversal_5,20
2025-09-19,0.28351,38,mid_weak,reversal_5,20
2025-09-22,-0.063136,38,mid_weak,reversal_5,20
2025-09-23,-0.112157,38,mid_weak,reversal_5,20
2025-09-24,-0.290294,38,mid_weak,reversal_5,20
2025-09-25,0.005143,38,mid_weak,reversal_5,20
2025-09-26,0.090491,38,mid_weak,reversal_5,20
2025-04-23,-0.034468,38,mid_weak,reversal_5,60
2025-04-24,-0.380239,38,mid_weak,reversal_5,60
2025-04-25,-0.538462,38,mid_weak,reversal_5,60
2025-04-28,-0.558157,38,mid_weak,reversal_5,60
2025-04-29,-0.480468,38,mid_weak,reversal_5,60
2025-04-30,-0.234271,38,mid_weak,reversal_5,60
2025-05-01,-0.304081,38,mid_weak,reversal_5,60
2025-05-02,-0.150673,38,mid_weak,reversal_5,60
2025-05-05,-0.243681,38,mid_weak,reversal_5,60
2025-05-06,-0.290951,38,mid_weak,reversal_5,60
2025-05-07,-0.328154,38,mid_weak,reversal_5,60
2025-05-08,-0.424664,38,mid_weak,reversal_5,60
2025-05-09,-0.153737,38,mid_weak,reversal_5,60
2025-05-12,-0.334063,38,mid_weak,reversal_5,60
2025-05-13,-0.51789,38,mid_weak,reversal_5,60
2025-05-14,-0.675019,38,mid_weak,reversal_5,60
2025-05-15,-0.711785,38,mid_weak,reversal_5,60
2025-05-16,-0.709815,38,mid_weak,reversal_5,60
2025-05-19,-0.441733,38,mid_weak,reversal_5,60
2025-05-20,0.133384,38,mid_weak,reversal_5,60
2025-05-21,0.338877,38,mid_weak,reversal_5,60
2025-05-22,0.241493,38,mid_weak,reversal_5,60
2025-05-23,0.074078,38,mid_weak,reversal_5,60
2025-05-27,-0.00952,38,mid_weak,reversal_5,60
2025-05-28,-0.038845,38,mid_weak,reversal_5,60
2025-05-29,-0.212168,38,mid_weak,reversal_5,60
2025-05-30,0.20604,38,mid_weak,reversal_5,60
2025-06-02,0.083488,38,mid_weak,reversal_5,60
2025-06-03,-0.170588,38,mid_weak,reversal_5,60
2025-06-04,-0.066419,38,mid_weak,reversal_5,60
2025-06-05,0.278477,38,mid_weak,reversal_5,60
2025-06-06,-0.001204,38,mid_weak,reversal_5,60
2025-06-09,-0.226611,38,mid_weak,reversal_5,60
2025-06-10,0.151986,38,mid_weak,reversal_5,60
2025-06-11,0.233176,38,mid_weak,reversal_5,60
2025-06-12,-0.01696,38,mid_weak,reversal_5,60
2025-06-13,0.010833,38,mid_weak,reversal_5,60
2025-06-16,-0.167743,38,mid_weak,reversal_5,60
2025-06-17,-0.171025,38,mid_weak,reversal_5,60
2025-06-18,-0.17956,38,mid_weak,reversal_5,60
2025-06-20,-0.085677,38,mid_weak,reversal_5,60
2025-06-23,-0.157676,38,mid_weak,reversal_5,60
2025-06-24,-0.204508,38,mid_weak,reversal_5,60
2025-06-25,-0.187438,38,mid_weak,reversal_5,60
2025-06-26,-0.017617,38,mid_weak,reversal_5,60
2025-06-27,0.070795,38,mid_weak,reversal_5,60
2025-06-30,0.041252,38,mid_weak,reversal_5,60
2025-07-01,0.112594,38,mid_weak,reversal_5,60
2025-07-02,0.180435,38,mid_weak,reversal_5,60
2025-07-03,0.192472,38,mid_weak,reversal_5,60
2025-07-07,0.09071,38,mid_weak,reversal_5,60
2025-07-08,-0.006237,38,mid_weak,reversal_5,60
2025-07-09,-0.303425,38,mid_weak,reversal_5,60
2025-07-10,-0.153737,38,mid_weak,reversal_5,60
2025-07-11,-0.251778,38,mid_weak,reversal_5,60
2025-07-14,-0.385272,38,mid_weak,reversal_5,60
2025-07-15,-0.343473,38,mid_weak,reversal_5,60
2025-07-16,-0.358354,38,mid_weak,reversal_5,60
2025-07-17,-0.342598,38,mid_weak,reversal_5,60
2025-07-18,-0.246745,38,mid_weak,reversal_5,60
2025-07-21,-0.305613,38,mid_weak,reversal_5,60
2025-07-22,0.175402,38,mid_weak,reversal_5,60
2025-07-23,0.107123,38,mid_weak,reversal_5,60
2025-07-24,0.170806,38,mid_weak,reversal_5,60
2025-07-25,-0.097494,38,mid_weak,reversal_5,60
2025-07-28,-0.017617,38,mid_weak,reversal_5,60
2025-07-29,-0.282854,38,mid_weak,reversal_5,60
2025-07-30,-0.299923,38,mid_weak,reversal_5,60
2025-07-31,-0.195754,38,mid_weak,reversal_5,60
2025-10-23,0.443554,41,late_strong,pullback_rs_60_5,5
2025-10-24,0.329617,41,late_strong,pullback_rs_60_5,5
2025-10-27,0.205923,41,late_strong,pullback_rs_60_5,5
2025-10-28,-0.039721,41,late_strong,pullback_rs_60_5,5
2025-10-29,0.036934,41,late_strong,pullback_rs_60_5,5
2025-10-30,0.099303,41,late_strong,pullback_rs_60_5,5
2025-10-31,0.040244,41,late_strong,pullback_rs_60_5,5
2025-11-03,-0.022648,41,late_strong,pullback_rs_60_5,5
2025-11-04,-0.297038,41,late_strong,pullback_rs_60_5,5
2025-11-05,-0.466899,41,late_strong,pullback_rs_60_5,5
2025-11-06,-0.302787,41,late_strong,pullback_rs_60_5,5
2025-11-07,-0.253659,41,late_strong,pullback_rs_60_5,5
2025-11-10,-0.32892,41,late_strong,pullback_rs_60_5,5
2025-11-11,-0.37439,41,late_strong,pullback_rs_60_5,5
2025-11-12,-0.20453,41,late_strong,pullback_rs_60_5,5
2025-11-13,-0.108014,41,late_strong,pullback_rs_60_5,5
2025-11-14,-0.247735,41,late_strong,pullback_rs_60_5,5
2025-11-17,0.086063,41,late_strong,pullback_rs_60_5,5
2025-11-18,0.088328,41,late_strong,pullback_rs_60_5,5
2025-11-19,0.077875,41,late_strong,pullback_rs_60_5,5
2025-11-20,0.480488,41,late_strong,pullback_rs_60_5,5
2025-11-21,0.48554,41,late_strong,pullback_rs_60_5,5
2025-11-24,0.099477,41,late_strong,pullback_rs_60_5,5
2025-11-25,0.179268,41,late_strong,pullback_rs_60_5,5
2025-11-26,-0.170557,41,late_strong,pullback_rs_60_5,5
2025-11-28,-0.037108,41,late_strong,pullback_rs_60_5,5
2025-12-01,-0.087805,41,late_strong,pullback_rs_60_5,5
2025-12-02,0.200871,41,late_strong,pullback_rs_60_5,5
2025-12-03,0.065505,41,late_strong,pullback_rs_60_5,5
2025-12-04,0.006794,41,late_strong,pullback_rs_60_5,5
2025-12-05,-0.322822,41,late_strong,pullback_rs_60_5,5
2025-12-08,0.00784,41,late_strong,pullback_rs_60_5,5
2025-12-09,-0.107666,41,late_strong,pullback_rs_60_5,5
2025-12-10,-0.074216,41,late_strong,pullback_rs_60_5,5
2025-12-11,-0.069164,41,late_strong,pullback_rs_60_5,5
2025-12-12,0.31777,41,late_strong,pullback_rs_60_5,5
2025-12-15,0.411498,41,late_strong,pullback_rs_60_5,5
2025-12-16,0.328397,41,late_strong,pullback_rs_60_5,5
2025-12-17,0.465679,41,late_strong,pullback_rs_60_5,5
2025-12-18,0.461672,41,late_strong,pullback_rs_60_5,5
2025-12-19,0.074564,41,late_strong,pullback_rs_60_5,5
2025-12-22,0.19669,41,late_strong,pullback_rs_60_5,5
2025-12-23,0.057143,41,late_strong,pullback_rs_60_5,5
2025-12-24,0.132404,41,late_strong,pullback_rs_60_5,5
2025-12-26,-0.307317,41,late_strong,pullback_rs_60_5,5
2025-12-29,-0.279791,41,late_strong,pullback_rs_60_5,5
2025-12-30,0.031359,41,late_strong,pullback_rs_60_5,5
2025-12-31,-0.034146,41,late_strong,pullback_rs_60_5,5
2026-01-02,0.110453,41,late_strong,pullback_rs_60_5,5
2026-01-05,0.18223,41,late_strong,pullback_rs_60_5,5
2026-01-06,0.005401,41,late_strong,pullback_rs_60_5,5
2026-01-07,-0.001568,41,late_strong,pullback_rs_60_5,5
2026-01-08,0.095645,41,late_strong,pullback_rs_60_5,5
2026-01-09,0.126481,41,late_strong,pullback_rs_60_5,5
2026-01-12,0.070557,41,late_strong,pullback_rs_60_5,5
2026-01-13,0.238502,41,late_strong,pullback_rs_60_5,5
2026-01-14,-0.009756,41,late_strong,pullback_rs_60_5,5
2026-01-15,0.141289,41,late_strong,pullback_rs_60_5,5
2026-01-16,0.070557,41,late_strong,pullback_rs_60_5,5
2026-01-20,0.017944,41,late_strong,pullback_rs_60_5,5
2026-01-21,0.035192,41,late_strong,pullback_rs_60_5,5
2026-01-22,0.24007,41,late_strong,pullback_rs_60_5,5
2026-01-23,0.449477,41,late_strong,pullback_rs_60_5,5
2026-01-26,0.544425,41,late_strong,pullback_rs_60_5,5
2026-01-27,0.484146,41,late_strong,pullback_rs_60_5,5
2026-01-28,0.416551,41,late_strong,pullback_rs_60_5,5
2026-01-29,0.15122,41,late_strong,pullback_rs_60_5,5
2026-01-30,-0.095122,41,late_strong,pullback_rs_60_5,5
2026-02-02,-0.137108,41,late_strong,pullback_rs_60_5,5
2026-02-03,0.162195,41,late_strong,pullback_rs_60_5,5
2026-02-04,0.417944,41,late_strong,pullback_rs_60_5,5
2026-02-05,0.271603,41,late_strong,pullback_rs_60_5,5
2026-02-06,0.1223,41,late_strong,pullback_rs_60_5,5
2026-02-09,0.069512,41,late_strong,pullback_rs_60_5,5
2026-02-10,0.325087,41,late_strong,pullback_rs_60_5,5
2026-02-11,0.189373,41,late_strong,pullback_rs_60_5,5
2026-02-12,0.160801,41,late_strong,pullback_rs_60_5,5
2026-02-13,0.430314,41,late_strong,pullback_rs_60_5,5
2026-02-17,0.44669,41,late_strong,pullback_rs_60_5,5
2026-02-18,0.262195,41,late_strong,pullback_rs_60_5,5
2026-02-19,0.198258,41,late_strong,pullback_rs_60_5,5
2026-02-20,-0.052091,41,late_strong,pullback_rs_60_5,5
2026-02-23,-0.011498,41,late_strong,pullback_rs_60_5,5
2026-02-24,-0.177178,41,late_strong,pullback_rs_60_5,5
2026-02-25,-0.260976,41,late_strong,pullback_rs_60_5,5
2026-02-26,-0.566899,41,late_strong,pullback_rs_60_5,5
2026-02-27,-0.617073,41,late_strong,pullback_rs_60_5,5
2026-03-02,-0.745993,41,late_strong,pullback_rs_60_5,5
2026-03-03,-0.277178,41,late_strong,pullback_rs_60_5,5
2026-03-04,0.168641,41,late_strong,pullback_rs_60_5,5
2026-03-05,0.328397,41,late_strong,pullback_rs_60_5,5
2026-03-06,0.560976,41,late_strong,pullback_rs_60_5,5
2026-03-09,0.372997,41,late_strong,pullback_rs_60_5,5
2026-03-10,0.052439,41,late_strong,pullback_rs_60_5,5
2026-03-11,0.236411,41,late_strong,pullback_rs_60_5,5
2026-03-12,0.17892,41,late_strong,pullback_rs_60_5,5
2026-03-13,0.119338,41,late_strong,pullback_rs_60_5,5
2026-03-16,0.23223,41,late_strong,pullback_rs_60_5,5
2026-03-17,0.329268,41,late_strong,pullback_rs_60_5,5
2026-03-18,0.48101,41,late_strong,pullback_rs_60_5,5
2026-03-19,0.24338,41,late_strong,pullback_rs_60_5,5
2026-03-20,0.081882,41,late_strong,pullback_rs_60_5,5
2026-03-23,0.03885,41,late_strong,pullback_rs_60_5,5
2026-03-24,-0.101045,41,late_strong,pullback_rs_60_5,5
2026-03-25,-0.070557,41,late_strong,pullback_rs_60_5,5
2026-03-26,0.064808,41,late_strong,pullback_rs_60_5,5
2026-03-27,0.111847,41,late_strong,pullback_rs_60_5,5
2026-03-30,0.50662,41,late_strong,pullback_rs_60_5,5
2026-03-31,0.204704,41,late_strong,pullback_rs_60_5,5
2026-04-01,0.205923,41,late_strong,pullback_rs_60_5,5
2026-04-02,-0.20993,41,late_strong,pullback_rs_60_5,5
2026-04-06,-0.119861,41,late_strong,pullback_rs_60_5,5
2026-04-07,-0.496167,41,late_strong,pullback_rs_60_5,5
2026-04-08,-0.510801,41,late_strong,pullback_rs_60_5,5
2026-04-09,-0.366551,41,late_strong,pullback_rs_60_5,5
2026-04-10,-0.389895,41,late_strong,pullback_rs_60_5,5
2026-04-13,-0.354704,41,late_strong,pullback_rs_60_5,5
2026-04-14,-0.318467,41,late_strong,pullback_rs_60_5,5
2025-10-23,0.329617,41,late_strong,pullback_rs_60_5,10
2025-10-24,0.175784,41,late_strong,pullback_rs_60_5,10
2025-10-27,0.006969,41,late_strong,pullback_rs_60_5,10
2025-10-28,0.029268,41,late_strong,pullback_rs_60_5,10
2025-10-29,0.042683,41,late_strong,pullback_rs_60_5,10
2025-10-30,0.02561,41,late_strong,pullback_rs_60_5,10
2025-10-31,-0.008711,41,late_strong,pullback_rs_60_5,10
2025-11-03,-0.092334,41,late_strong,pullback_rs_60_5,10
2025-11-04,-0.314808,41,late_strong,pullback_rs_60_5,10
2025-11-05,-0.446516,41,late_strong,pullback_rs_60_5,10
2025-11-06,-0.410453,41,late_strong,pullback_rs_60_5,10
2025-11-07,-0.544599,41,late_strong,pullback_rs_60_5,10
2025-11-10,-0.478223,41,late_strong,pullback_rs_60_5,10
2025-11-11,-0.187282,41,late_strong,pullback_rs_60_5,10
2025-11-12,0.186934,41,late_strong,pullback_rs_60_5,10
2025-11-13,0.409059,41,late_strong,pullback_rs_60_5,10
2025-11-14,0.269164,41,late_strong,pullback_rs_60_5,10
2025-11-17,0.314286,41,late_strong,pullback_rs_60_5,10
2025-11-18,0.399477,41,late_strong,pullback_rs_60_5,10
2025-11-19,0.331882,41,late_strong,pullback_rs_60_5,10
2025-11-20,0.362195,41,late_strong,pullback_rs_60_5,10
2025-11-21,0.433972,41,late_strong,pullback_rs_60_5,10
2025-11-24,0.069686,41,late_strong,pullback_rs_60_5,10
2025-11-25,0.198258,41,late_strong,pullback_rs_60_5,10
2025-11-26,-0.016551,41,late_strong,pullback_rs_60_5,10
2025-11-28,-0.191986,41,late_strong,pullback_rs_60_5,10
2025-12-01,0.063763,41,late_strong,pullback_rs_60_5,10
2025-12-02,0.021254,41,late_strong,pullback_rs_60_5,10
2025-12-03,-0.001742,41,late_strong,pullback_rs_60_5,10
2025-12-04,-0.020906,41,late_strong,pullback_rs_60_5,10
2025-12-05,-0.105401,41,late_strong,pullback_rs_60_5,10
2025-12-08,0.093728,41,late_strong,pullback_rs_60_5,10
2025-12-09,0.013589,41,late_strong,pullback_rs_60_5,10
2025-12-10,0.008014,41,late_strong,pullback_rs_60_5,10
2025-12-11,-0.027003,41,late_strong,pullback_rs_60_5,10
2025-12-12,0.163415,41,late_strong,pullback_rs_60_5,10
2025-12-15,0.283798,41,late_strong,pullback_rs_60_5,10
2025-12-16,0.228223,41,late_strong,pullback_rs_60_5,10
2025-12-17,0.512544,41,late_strong,pullback_rs_60_5,10
2025-12-18,0.402613,41,late_strong,pullback_rs_60_5,10
2025-12-19,0.418118,41,late_strong,pullback_rs_60_5,10
2025-12-22,0.369512,41,late_strong,pullback_rs_60_5,10
2025-12-23,0.128746,41,late_strong,pullback_rs_60_5,10
2025-12-24,0.019164,41,late_strong,pullback_rs_60_5,10
2025-12-26,-0.152265,41,late_strong,pullback_rs_60_5,10
2025-12-29,-0.066028,41,late_strong,pullback_rs_60_5,10
2025-12-30,-0.008014,41,late_strong,pullback_rs_60_5,10
2025-12-31,0.060976,41,late_strong,pullback_rs_60_5,10
2026-01-02,-0.297561,41,late_strong,pullback_rs_60_5,10
2026-01-05,-0.05,41,late_strong,pullback_rs_60_5,10
2026-01-06,-0.136063,41,late_strong,pullback_rs_60_5,10
2026-01-07,-0.05122,41,late_strong,pullback_rs_60_5,10
2026-01-08,-0.032056,41,late_strong,pullback_rs_60_5,10
2026-01-09,0.18676,41,late_strong,pullback_rs_60_5,10
2026-01-12,0.175436,41,late_strong,pullback_rs_60_5,10
2026-01-13,0.160627,41,late_strong,pullback_rs_60_5,10
2026-01-14,0.040244,41,late_strong,pullback_rs_60_5,10
2026-01-15,0.027875,41,late_strong,pullback_rs_60_5,10
2026-01-16,0.012369,41,late_strong,pullback_rs_60_5,10
2026-01-20,-0.009582,41,late_strong,pullback_rs_60_5,10
2026-01-21,0.049826,41,late_strong,pullback_rs_60_5,10
2026-01-22,0.305226,41,late_strong,pullback_rs_60_5,10
2026-01-23,0.536411,41,late_strong,pullback_rs_60_5,10
2026-01-26,0.571603,41,late_strong,pullback_rs_60_5,10
2026-01-27,0.401916,41,late_strong,pullback_rs_60_5,10
2026-01-28,0.323868,41,late_strong,pullback_rs_60_5,10
2026-01-29,0.170209,41,late_strong,pullback_rs_60_5,10
2026-01-30,0.058362,41,late_strong,pullback_rs_60_5,10
2026-02-02,-0.001742,41,late_strong,pullback_rs_60_5,10
2026-02-03,0.157143,41,late_strong,pullback_rs_60_5,10
2026-02-04,0.310976,41,late_strong,pullback_rs_60_5,10
2026-02-05,0.291115,41,late_strong,pullback_rs_60_5,10
2026-02-06,0.088328,41,late_strong,pullback_rs_60_5,10
2026-02-09,0.222474,41,late_strong,pullback_rs_60_5,10
2026-02-10,0.378746,41,late_strong,pullback_rs_60_5,10
2026-02-11,0.289547,41,late_strong,pullback_rs_60_5,10
2026-02-12,0.209582,41,late_strong,pullback_rs_60_5,10
2026-02-13,0.200174,41,late_strong,pullback_rs_60_5,10
2026-02-17,-0.014634,41,late_strong,pullback_rs_60_5,10
2026-02-18,-0.203484,41,late_strong,pullback_rs_60_5,10
2026-02-19,-0.025958,41,late_strong,pullback_rs_60_5,10
2026-02-20,-0.439721,41,late_strong,pullback_rs_60_5,10
2026-02-23,-0.235714,41,late_strong,pullback_rs_60_5,10
2026-02-24,-0.163066,41,late_strong,pullback_rs_60_5,10
2026-02-25,-0.232404,41,late_strong,pullback_rs_60_5,10
2026-02-26,-0.331707,41,late_strong,pullback_rs_60_5,10
2026-02-27,-0.35122,41,late_strong,pullback_rs_60_5,10
2026-03-02,-0.492509,41,late_strong,pullback_rs_60_5,10
2026-03-03,-0.210453,41,late_strong,pullback_rs_60_5,10
2026-03-04,-0.012195,41,late_strong,pullback_rs_60_5,10
2026-03-05,0.414634,41,late_strong,pullback_rs_60_5,10
2026-03-06,0.500174,41,late_strong,pullback_rs_60_5,10
2026-03-09,0.223345,41,late_strong,pullback_rs_60_5,10
2026-03-10,0.391638,41,late_strong,pullback_rs_60_5,10
2026-03-11,0.297038,41,late_strong,pullback_rs_60_5,10
2026-03-12,0.154704,41,late_strong,pullback_rs_60_5,10
2026-03-13,0.401742,41,late_strong,pullback_rs_60_5,10
2026-03-16,0.217073,41,late_strong,pullback_rs_60_5,10
2026-03-17,0.298432,41,late_strong,pullback_rs_60_5,10
2026-03-18,0.397038,41,late_strong,pullback_rs_60_5,10
2026-03-19,0.076829,41,late_strong,pullback_rs_60_5,10
2026-03-20,-0.018815,41,late_strong,pullback_rs_60_5,10
2026-03-23,0.173868,41,late_strong,pullback_rs_60_5,10
2026-03-24,-0.192334,41,late_strong,pullback_rs_60_5,10
2026-03-25,-0.008885,41,late_strong,pullback_rs_60_5,10
2026-03-26,0.247735,41,late_strong,pullback_rs_60_5,10
2026-03-27,0.175087,41,late_strong,pullback_rs_60_5,10
2026-03-30,0.412718,41,late_strong,pullback_rs_60_5,10
2026-03-31,0.101916,41,late_strong,pullback_rs_60_5,10
2026-04-01,0.190767,41,late_strong,pullback_rs_60_5,10
2026-04-02,-0.406446,41,late_strong,pullback_rs_60_5,10
2026-04-06,-0.418641,41,late_strong,pullback_rs_60_5,10
2026-04-07,-0.637979,41,late_strong,pullback_rs_60_5,10
2025-10-23,0.089199,41,late_strong,pullback_rs_60_5,20
2025-10-24,0.014808,41,late_strong,pullback_rs_60_5,20
2025-10-27,-0.032578,41,late_strong,pullback_rs_60_5,20
2025-10-28,-0.160279,41,late_strong,pullback_rs_60_5,20
2025-10-29,-0.037805,41,late_strong,pullback_rs_60_5,20
2025-10-30,-0.077526,41,late_strong,pullback_rs_60_5,20
2025-10-31,0.066899,41,late_strong,pullback_rs_60_5,20
2025-11-03,0.03101,41,late_strong,pullback_rs_60_5,20
2025-11-04,0.03223,41,late_strong,pullback_rs_60_5,20
2025-11-05,-0.149129,41,late_strong,pullback_rs_60_5,20
2025-11-06,0.024564,41,late_strong,pullback_rs_60_5,20
2025-11-07,0.054007,41,late_strong,pullback_rs_60_5,20
2025-11-10,-0.010279,41,late_strong,pullback_rs_60_5,20
2025-11-11,0.123693,41,late_strong,pullback_rs_60_5,20
2025-11-12,0.29669,41,late_strong,pullback_rs_60_5,20
2025-11-13,0.162718,41,late_strong,pullback_rs_60_5,20
2025-11-14,0.056794,41,late_strong,pullback_rs_60_5,20
2025-11-17,0.055226,41,late_strong,pullback_rs_60_5,20
2025-11-18,-0.027178,41,late_strong,pullback_rs_60_5,20
2025-11-19,0.06446,41,late_strong,pullback_rs_60_5,20
2025-11-20,0.142334,41,late_strong,pullback_rs_60_5,20
2025-11-21,0.212369,41,late_strong,pullback_rs_60_5,20
2025-11-24,0.027352,41,late_strong,pullback_rs_60_5,20
2025-11-25,0.071777,41,late_strong,pullback_rs_60_5,20
2025-11-26,-0.050871,41,late_strong,pullback_rs_60_5,20
2025-11-28,-0.00784,41,late_strong,pullback_rs_60_5,20
2025-12-01,0.112195,41,late_strong,pullback_rs_60_5,20
2025-12-02,0.187631,41,late_strong,pullback_rs_60_5,20
2025-12-03,0.320383,41,late_strong,pullback_rs_60_5,20
2025-12-04,0.177003,41,late_strong,pullback_rs_60_5,20
2025-12-05,0.101045,41,late_strong,pullback_rs_60_5,20
2025-12-08,0.336934,41,late_strong,pullback_rs_60_5,20
2025-12-09,0.280139,41,late_strong,pullback_rs_60_5,20
2025-12-10,0.18885,41,late_strong,pullback_rs_60_5,20
2025-12-11,0.169861,41,late_strong,pullback_rs_60_5,20
2025-12-12,0.398432,41,late_strong,pullback_rs_60_5,20
2025-12-15,0.362892,41,late_strong,pullback_rs_60_5,20
2025-12-16,0.395122,41,late_strong,pullback_rs_60_5,20
2025-12-17,0.416028,41,late_strong,pullback_rs_60_5,20
2025-12-18,0.410801,41,late_strong,pullback_rs_60_5,20
2025-12-19,0.440941,41,late_strong,pullback_rs_60_5,20
2025-12-22,0.492857,41,late_strong,pullback_rs_60_5,20
2025-12-23,0.168815,41,late_strong,pullback_rs_60_5,20
2025-12-24,0.139024,41,late_strong,pullback_rs_60_5,20
2025-12-26,0.084495,41,late_strong,pullback_rs_60_5,20
2025-12-29,-0.17561,41,late_strong,pullback_rs_60_5,20
2025-12-30,-0.074042,41,late_strong,pullback_rs_60_5,20
2025-12-31,0.014634,41,late_strong,pullback_rs_60_5,20
2026-01-02,-0.191986,41,late_strong,pullback_rs_60_5,20
2026-01-05,-0.001394,41,late_strong,pullback_rs_60_5,20
2026-01-06,-0.00331,41,late_strong,pullback_rs_60_5,20
2026-01-07,0.1777,41,late_strong,pullback_rs_60_5,20
2026-01-08,0.206272,41,late_strong,pullback_rs_60_5,20
2026-01-09,0.454181,41,late_strong,pullback_rs_60_5,20
2026-01-12,0.337805,41,late_strong,pullback_rs_60_5,20
2026-01-13,0.26899,41,late_strong,pullback_rs_60_5,20
2026-01-14,0.04547,41,late_strong,pullback_rs_60_5,20
2026-01-15,-0.03554,41,late_strong,pullback_rs_60_5,20
2026-01-16,-0.116376,41,late_strong,pullback_rs_60_5,20
2026-01-20,-0.057666,41,late_strong,pullback_rs_60_5,20
2026-01-21,0.011847,41,late_strong,pullback_rs_60_5,20
2026-01-22,0.377178,41,late_strong,pullback_rs_60_5,20
2026-01-23,0.55453,41,late_strong,pullback_rs_60_5,20
2026-01-26,0.597213,41,late_strong,pullback_rs_60_5,20
2026-01-27,0.510279,41,late_strong,pullback_rs_60_5,20
2026-01-28,0.313415,41,late_strong,pullback_rs_60_5,20
2026-01-29,0.094599,41,late_strong,pullback_rs_60_5,20
2026-01-30,-0.019861,41,late_strong,pullback_rs_60_5,20
2026-02-02,-0.030139,41,late_strong,pullback_rs_60_5,20
2026-02-03,-0.030139,41,late_strong,pullback_rs_60_5,20
2026-02-04,0.15662,41,late_strong,pullback_rs_60_5,20
2026-02-05,-0.130662,41,late_strong,pullback_rs_60_5,20
2026-02-06,-0.173345,41,late_strong,pullback_rs_60_5,20
2026-02-09,-0.067944,41,late_strong,pullback_rs_60_5,20
2026-02-10,0.163763,41,late_strong,pullback_rs_60_5,20
2026-02-11,0.098432,41,late_strong,pullback_rs_60_5,20
2026-02-12,-0.067422,41,late_strong,pullback_rs_60_5,20
2026-02-13,-0.046864,41,late_strong,pullback_rs_60_5,20
2026-02-17,-0.069164,41,late_strong,pullback_rs_60_5,20
2026-02-18,-0.203833,41,late_strong,pullback_rs_60_5,20
2026-02-19,0.096516,41,late_strong,pullback_rs_60_5,20
2026-02-20,-0.038328,41,late_strong,pullback_rs_60_5,20
2026-02-23,0.020906,41,late_strong,pullback_rs_60_5,20
2026-02-24,0.04007,41,late_strong,pullback_rs_60_5,20
2026-02-25,-0.056098,41,late_strong,pullback_rs_60_5,20
2026-02-26,-0.118118,41,late_strong,pullback_rs_60_5,20
2026-02-27,-0.052091,41,late_strong,pullback_rs_60_5,20
2026-03-02,-0.353833,41,late_strong,pullback_rs_60_5,20
2026-03-03,0.016551,41,late_strong,pullback_rs_60_5,20
2026-03-04,0.270732,41,late_strong,pullback_rs_60_5,20
2026-03-05,0.342334,41,late_strong,pullback_rs_60_5,20
2026-03-06,0.6,41,late_strong,pullback_rs_60_5,20
2026-03-09,0.414286,41,late_strong,pullback_rs_60_5,20
2026-03-10,0.352091,41,late_strong,pullback_rs_60_5,20
2026-03-11,0.364634,41,late_strong,pullback_rs_60_5,20
2026-03-12,0.354878,41,late_strong,pullback_rs_60_5,20
2026-03-13,0.105052,41,late_strong,pullback_rs_60_5,20
2026-03-16,0.292857,41,late_strong,pullback_rs_60_5,20
2026-03-17,0.598258,41,late_strong,pullback_rs_60_5,20
2026-03-18,0.460627,41,late_strong,pullback_rs_60_5,20
2026-03-19,-0.032578,41,late_strong,pullback_rs_60_5,20
2026-03-20,0.02892,41,late_strong,pullback_rs_60_5,20
2026-03-23,0.156098,41,late_strong,pullback_rs_60_5,20
2025-10-23,0.429094,41,late_strong,pullback_rs_60_5,60
2025-10-24,0.308711,41,late_strong,pullback_rs_60_5,60
2025-10-27,0.171951,41,late_strong,pullback_rs_60_5,60
2025-10-28,0.183275,41,late_strong,pullback_rs_60_5,60
2025-10-29,0.15784,41,late_strong,pullback_rs_60_5,60
2025-10-30,0.168815,41,late_strong,pullback_rs_60_5,60
2025-10-31,0.264983,41,late_strong,pullback_rs_60_5,60
2025-11-03,0.141289,41,late_strong,pullback_rs_60_5,60
2025-11-04,-0.012892,41,late_strong,pullback_rs_60_5,60
2025-11-05,-0.084495,41,late_strong,pullback_rs_60_5,60
2025-11-06,-0.174216,41,late_strong,pullback_rs_60_5,60
2025-11-07,-0.233101,41,late_strong,pullback_rs_60_5,60
2025-11-10,-0.112718,41,late_strong,pullback_rs_60_5,60
2025-11-11,0.106272,41,late_strong,pullback_rs_60_5,60
2025-11-12,0.238502,41,late_strong,pullback_rs_60_5,60
2025-11-13,0.255052,41,late_strong,pullback_rs_60_5,60
2025-11-14,0.088328,41,late_strong,pullback_rs_60_5,60
2025-11-17,0.072997,41,late_strong,pullback_rs_60_5,60
2025-11-18,0.05993,41,late_strong,pullback_rs_60_5,60
2025-11-19,-0.131185,41,late_strong,pullback_rs_60_5,60
2025-11-20,-0.180314,41,late_strong,pullback_rs_60_5,60
2025-11-21,0.078223,41,late_strong,pullback_rs_60_5,60
2025-11-24,0.209059,41,late_strong,pullback_rs_60_5,60
2025-11-25,0.362718,41,late_strong,pullback_rs_60_5,60
2025-11-26,0.425261,41,late_strong,pullback_rs_60_5,60
2025-11-28,0.545122,41,late_strong,pullback_rs_60_5,60
2025-12-01,0.652265,41,late_strong,pullback_rs_60_5,60
2025-12-02,0.591289,41,late_strong,pullback_rs_60_5,60
2025-12-03,0.516551,41,late_strong,pullback_rs_60_5,60
2025-12-04,0.311847,41,late_strong,pullback_rs_60_5,60
2025-12-05,0.258537,41,late_strong,pullback_rs_60_5,60
2025-12-08,0.382404,41,late_strong,pullback_rs_60_5,60
2025-12-09,0.39338,41,late_strong,pullback_rs_60_5,60
2025-12-10,0.364634,41,late_strong,pullback_rs_60_5,60
2025-12-11,0.439721,41,late_strong,pullback_rs_60_5,60
2025-12-12,0.398955,41,late_strong,pullback_rs_60_5,60
2025-12-15,0.376307,41,late_strong,pullback_rs_60_5,60
2025-12-16,0.423693,41,late_strong,pullback_rs_60_5,60
2025-12-17,0.381359,41,late_strong,pullback_rs_60_5,60
2025-12-18,0.328049,41,late_strong,pullback_rs_60_5,60
2025-12-19,0.385714,41,late_strong,pullback_rs_60_5,60
2025-12-22,0.37892,41,late_strong,pullback_rs_60_5,60
2025-12-23,0.242509,41,late_strong,pullback_rs_60_5,60
2025-12-24,0.274913,41,late_strong,pullback_rs_60_5,60
2025-12-26,0.142334,41,late_strong,pullback_rs_60_5,60
2025-12-29,-0.077003,41,late_strong,pullback_rs_60_5,60
2025-12-30,0.064808,41,late_strong,pullback_rs_60_5,60
2025-12-31,0.028049,41,late_strong,pullback_rs_60_5,60
2026-01-02,-0.168815,41,late_strong,pullback_rs_60_5,60
2026-01-05,-0.027526,41,late_strong,pullback_rs_60_5,60
2026-01-06,-0.031533,41,late_strong,pullback_rs_60_5,60
2026-01-07,0.080314,41,late_strong,pullback_rs_60_5,60
2026-01-08,0.099303,41,late_strong,pullback_rs_60_5,60
2026-01-09,0.418815,41,late_strong,pullback_rs_60_5,60
2026-01-12,0.255226,41,late_strong,pullback_rs_60_5,60
2026-01-13,0.111672,41,late_strong,pullback_rs_60_5,60
2026-01-14,-0.200348,41,late_strong,pullback_rs_60_5,60
2026-01-15,-0.35122,41,late_strong,pullback_rs_60_5,60
2026-01-16,-0.258014,41,late_strong,pullback_rs_60_5,60
2026-01-20,-0.293554,41,late_strong,pullback_rs_60_5,60
2026-01-21,0.00331,41,late_strong,pullback_rs_60_5,60
2026-01-22,0.286237,41,late_strong,pullback_rs_60_5,60
2026-01-23,0.409582,41,late_strong,pullback_rs_60_5,60
2025-10-23,0.428571,41,late_strong,momentum_60,5
2025-10-24,0.521951,41,late_strong,momentum_60,5
2025-10-27,0.488153,41,late_strong,momentum_60,5
2025-10-28,0.05453,41,late_strong,momentum_60,5
2025-10-29,0.065157,41,late_strong,momentum_60,5
2025-10-30,0.151568,41,late_strong,momentum_60,5
2025-10-31,0.008711,41,late_strong,momentum_60,5
2025-11-03,0.007666,41,late_strong,momentum_60,5
2025-11-04,0.062369,41,late_strong,momentum_60,5
2025-11-05,-0.134146,41,late_strong,momentum_60,5
2025-11-06,-0.382578,41,late_strong,momentum_60,5
2025-11-07,-0.274564,41,late_strong,momentum_60,5
2025-11-10,-0.42439,41,late_strong,momentum_60,5
2025-11-11,-0.154007,41,late_strong,momentum_60,5
2025-11-12,-0.087282,41,late_strong,momentum_60,5
2025-11-13,0.087108,41,late_strong,momentum_60,5
2025-11-14,-0.110976,41,late_strong,momentum_60,5
2025-11-17,0.15331,41,late_strong,momentum_60,5
2025-11-18,0.106794,41,late_strong,momentum_60,5
2025-11-19,0.134843,41,late_strong,momentum_60,5
2025-11-20,0.297561,41,late_strong,momentum_60,5
2025-11-21,0.228223,41,late_strong,momentum_60,5
2025-11-24,0.007143,41,late_strong,momentum_60,5
2025-11-25,0.247387,41,late_strong,momentum_60,5
2025-11-26,0.133798,41,late_strong,momentum_60,5
2025-11-28,0.125958,41,late_strong,momentum_60,5
2025-12-01,0.273693,41,late_strong,momentum_60,5
2025-12-02,0.102613,41,late_strong,momentum_60,5
2025-12-03,-0.006446,41,late_strong,momentum_60,5
2025-12-04,-0.079443,41,late_strong,momentum_60,5
2025-12-05,-0.388328,41,late_strong,momentum_60,5
2025-12-08,-0.248606,41,late_strong,momentum_60,5
2025-12-09,-0.321603,41,late_strong,momentum_60,5
2025-12-10,-0.369686,41,late_strong,momentum_60,5
2025-12-11,-0.175784,41,late_strong,momentum_60,5
2025-12-12,0.305052,41,late_strong,momentum_60,5
2025-12-15,0.170732,41,late_strong,momentum_60,5
2025-12-16,0.250523,41,late_strong,momentum_60,5
2025-12-17,0.236063,41,late_strong,momentum_60,5
2025-12-18,0.289547,41,late_strong,momentum_60,5
2025-12-19,0.066202,41,late_strong,momentum_60,5
2025-12-22,-0.285889,41,late_strong,momentum_60,5
2025-12-23,-0.132753,41,late_strong,momentum_60,5
2025-12-24,0.336934,41,late_strong,momentum_60,5
2025-12-26,0.011498,41,late_strong,momentum_60,5
2025-12-29,0.128049,41,late_strong,momentum_60,5
2025-12-30,0.118815,41,late_strong,momentum_60,5
2025-12-31,0.118467,41,late_strong,momentum_60,5
2026-01-02,0.162544,41,late_strong,momentum_60,5
2026-01-05,0.393728,41,late_strong,momentum_60,5
2026-01-06,0.156272,41,late_strong,momentum_60,5
2026-01-07,0.265679,41,late_strong,momentum_60,5
2026-01-08,0.390941,41,late_strong,momentum_60,5
2026-01-09,0.307317,41,late_strong,momentum_60,5
2026-01-12,0.387805,41,late_strong,momentum_60,5
2026-01-13,0.416028,41,late_strong,momentum_60,5
2026-01-14,0.305749,41,late_strong,momentum_60,5
2026-01-15,-0.053484,41,late_strong,momentum_60,5
2026-01-16,-0.147213,41,late_strong,momentum_60,5
2026-01-20,0.031185,41,late_strong,momentum_60,5
2026-01-21,0.047735,41,late_strong,momentum_60,5
2026-01-22,0.309233,41,late_strong,momentum_60,5
2026-01-23,0.503484,41,late_strong,momentum_60,5
2026-01-26,0.585366,41,late_strong,momentum_60,5
2026-01-27,0.565331,41,late_strong,momentum_60,5
2026-01-28,0.482056,41,late_strong,momentum_60,5
2026-01-29,0.474739,41,late_strong,momentum_60,5
2026-01-30,0.559408,41,late_strong,momentum_60,5
2026-02-02,0.357666,41,late_strong,momentum_60,5
2026-02-03,-0.060801,41,late_strong,momentum_60,5
2026-02-04,0.040244,41,late_strong,momentum_60,5
2026-02-05,0.037108,41,late_strong,momentum_60,5
2026-02-06,-0.021254,41,late_strong,momentum_60,5
2026-02-09,0.058014,41,late_strong,momentum_60,5
2026-02-10,0.415157,41,late_strong,momentum_60,5
2026-02-11,0.098084,41,late_strong,momentum_60,5
2026-02-12,-0.081707,41,late_strong,momentum_60,5
2026-02-13,0.334146,41,late_strong,momentum_60,5
2026-02-17,0.487456,41,late_strong,momentum_60,5
2026-02-18,0.319512,41,late_strong,momentum_60,5
2026-02-19,-0.069861,41,late_strong,momentum_60,5
2026-02-20,-0.090244,41,late_strong,momentum_60,5
2026-02-23,-0.371777,41,late_strong,momentum_60,5
2026-02-24,-0.587805,41,late_strong,momentum_60,5
2026-02-25,-0.601568,41,late_strong,momentum_60,5
2026-02-26,-0.720209,41,late_strong,momentum_60,5
2026-02-27,-0.767073,41,late_strong,momentum_60,5
2026-03-02,-0.850871,41,late_strong,momentum_60,5
2026-03-03,-0.612021,41,late_strong,momentum_60,5
2026-03-04,-0.137282,41,late_strong,momentum_60,5
2026-03-05,0.23676,41,late_strong,momentum_60,5
2026-03-06,0.393031,41,late_strong,momentum_60,5
2026-03-09,0.378049,41,late_strong,momentum_60,5
2026-03-10,-0.002787,41,late_strong,momentum_60,5
2026-03-11,0.185192,41,late_strong,momentum_60,5
2026-03-12,0.175087,41,late_strong,momentum_60,5
2026-03-13,0.049303,41,late_strong,momentum_60,5
2026-03-16,-0.078746,41,late_strong,momentum_60,5
2026-03-17,0.24878,41,late_strong,momentum_60,5
2026-03-18,0.258362,41,late_strong,momentum_60,5
2026-03-19,0.085192,41,late_strong,momentum_60,5
2026-03-20,0.362718,41,late_strong,momentum_60,5
2026-03-23,0.112021,41,late_strong,momentum_60,5
2026-03-24,0.041812,41,late_strong,momentum_60,5
2026-03-25,-0.057666,41,late_strong,momentum_60,5
2026-03-26,0.118815,41,late_strong,momentum_60,5
2026-03-27,-0.133798,41,late_strong,momentum_60,5
2026-03-30,0.139199,41,late_strong,momentum_60,5
2026-03-31,0.336411,41,late_strong,momentum_60,5
2026-04-01,0.420557,41,late_strong,momentum_60,5
2026-04-02,0.405052,41,late_strong,momentum_60,5
2026-04-06,0.382404,41,late_strong,momentum_60,5
2026-04-07,0.197909,41,late_strong,momentum_60,5
2026-04-08,-0.251742,41,late_strong,momentum_60,5
2026-04-09,-0.391115,41,late_strong,momentum_60,5
2026-04-10,-0.54878,41,late_strong,momentum_60,5
2026-04-13,-0.511847,41,late_strong,momentum_60,5
2026-04-14,-0.404878,41,late_strong,momentum_60,5
2025-10-23,0.431185,41,late_strong,momentum_60,10
2025-10-24,0.368293,41,late_strong,momentum_60,10
2025-10-27,0.349303,41,late_strong,momentum_60,10
2025-10-28,0.083624,41,late_strong,momentum_60,10
2025-10-29,-0.253659,41,late_strong,momentum_60,10
2025-10-30,-0.21899,41,late_strong,momentum_60,10
2025-10-31,-0.218293,41,late_strong,momentum_60,10
2025-11-03,-0.17561,41,late_strong,momentum_60,10
2025-11-04,-0.056446,41,late_strong,momentum_60,10
2025-11-05,-0.072822,41,late_strong,momentum_60,10
2025-11-06,-0.137805,41,late_strong,momentum_60,10
2025-11-07,-0.163937,41,late_strong,momentum_60,10
2025-11-10,-0.180488,41,late_strong,momentum_60,10
2025-11-11,0.031707,41,late_strong,momentum_60,10
2025-11-12,0.178746,41,late_strong,momentum_60,10
2025-11-13,0.451742,41,late_strong,momentum_60,10
2025-11-14,0.174739,41,late_strong,momentum_60,10
2025-11-17,0.173693,41,late_strong,momentum_60,10
2025-11-18,0.155575,41,late_strong,momentum_60,10
2025-11-19,0.15,41,late_strong,momentum_60,10
2025-11-20,0.207143,41,late_strong,momentum_60,10
2025-11-21,0.300871,41,late_strong,momentum_60,10
2025-11-24,0.221777,41,late_strong,momentum_60,10
2025-11-25,0.212544,41,late_strong,momentum_60,10
2025-11-26,0.116899,41,late_strong,momentum_60,10
2025-11-28,-0.313415,41,late_strong,momentum_60,10
2025-12-01,-0.098606,41,late_strong,momentum_60,10
2025-12-02,-0.220383,41,late_strong,momentum_60,10
2025-12-03,-0.267596,41,late_strong,momentum_60,10
2025-12-04,-0.055923,41,late_strong,momentum_60,10
2025-12-05,0.055575,41,late_strong,momentum_60,10
2025-12-08,0.049826,41,late_strong,momentum_60,10
2025-12-09,-0.025087,41,late_strong,momentum_60,10
2025-12-10,-0.007143,41,late_strong,momentum_60,10
2025-12-11,0.071254,41,late_strong,momentum_60,10
2025-12-12,0.259408,41,late_strong,momentum_60,10
2025-12-15,0.050871,41,late_strong,momentum_60,10
2025-12-16,0.141463,41,late_strong,momentum_60,10
2025-12-17,0.250348,41,late_strong,momentum_60,10
2025-12-18,0.13885,41,late_strong,momentum_60,10
2025-12-19,0.15662,41,late_strong,momentum_60,10
2025-12-22,0.124216,41,late_strong,momentum_60,10
2025-12-23,0.089373,41,late_strong,momentum_60,10
2025-12-24,0.184495,41,late_strong,momentum_60,10
2025-12-26,0.156272,41,late_strong,momentum_60,10
2025-12-29,0.190941,41,late_strong,momentum_60,10
2025-12-30,0.254355,41,late_strong,momentum_60,10
2025-12-31,0.295645,41,late_strong,momentum_60,10
2026-01-02,0.368641,41,late_strong,momentum_60,10
2026-01-05,0.49216,41,late_strong,momentum_60,10
2026-01-06,0.403484,41,late_strong,momentum_60,10
2026-01-07,0.316028,41,late_strong,momentum_60,10
2026-01-08,0.311498,41,late_strong,momentum_60,10
2026-01-09,0.083101,41,late_strong,momentum_60,10
2026-01-12,0.216202,41,late_strong,momentum_60,10
2026-01-13,0.231185,41,late_strong,momentum_60,10
2026-01-14,0.377178,41,late_strong,momentum_60,10
2026-01-15,0.407491,41,late_strong,momentum_60,10
2026-01-16,0.372648,41,late_strong,momentum_60,10
2026-01-20,0.474564,41,late_strong,momentum_60,10
2026-01-21,0.469164,41,late_strong,momentum_60,10
2026-01-22,0.436934,41,late_strong,momentum_60,10
2026-01-23,0.508014,41,late_strong,momentum_60,10
2026-01-26,0.521429,41,late_strong,momentum_60,10
2026-01-27,0.353659,41,late_strong,momentum_60,10
2026-01-28,0.373345,41,late_strong,momentum_60,10
2026-01-29,0.401742,41,late_strong,momentum_60,10
2026-01-30,0.495993,41,late_strong,momentum_60,10
2026-02-02,0.326655,41,late_strong,momentum_60,10
2026-02-03,0.222125,41,late_strong,momentum_60,10
2026-02-04,0.06446,41,late_strong,momentum_60,10
2026-02-05,-0.095645,41,late_strong,momentum_60,10
2026-02-06,0.322125,41,late_strong,momentum_60,10
2026-02-09,0.456098,41,late_strong,momentum_60,10
2026-02-10,0.489547,41,late_strong,momentum_60,10
2026-02-11,0.012369,41,late_strong,momentum_60,10
2026-02-12,-0.072822,41,late_strong,momentum_60,10
2026-02-13,-0.041638,41,late_strong,momentum_60,10
2026-02-17,-0.102613,41,late_strong,momentum_60,10
2026-02-18,-0.158014,41,late_strong,momentum_60,10
2026-02-19,-0.462021,41,late_strong,momentum_60,10
2026-02-20,-0.663415,41,late_strong,momentum_60,10
2026-02-23,-0.793031,41,late_strong,momentum_60,10
2026-02-24,-0.714983,41,late_strong,momentum_60,10
2026-02-25,-0.610801,41,late_strong,momentum_60,10
2026-02-26,-0.497038,41,late_strong,momentum_60,10
2026-02-27,-0.462544,41,late_strong,momentum_60,10
2026-03-02,-0.544077,41,late_strong,momentum_60,10
2026-03-03,-0.402439,41,late_strong,momentum_60,10
2026-03-04,-0.117247,41,late_strong,momentum_60,10
2026-03-05,0.317422,41,late_strong,momentum_60,10
2026-03-06,0.365505,41,late_strong,momentum_60,10
2026-03-09,0.248258,41,late_strong,momentum_60,10
2026-03-10,0.292857,41,late_strong,momentum_60,10
2026-03-11,0.334495,41,late_strong,momentum_60,10
2026-03-12,0.179791,41,late_strong,momentum_60,10
2026-03-13,0.279268,41,late_strong,momentum_60,10
2026-03-16,0.124042,41,late_strong,momentum_60,10
2026-03-17,0.263066,41,late_strong,momentum_60,10
2026-03-18,0.235714,41,late_strong,momentum_60,10
2026-03-19,0.226829,41,late_strong,momentum_60,10
2026-03-20,0.31446,41,late_strong,momentum_60,10
2026-03-23,0.331882,41,late_strong,momentum_60,10
2026-03-24,0.260627,41,late_strong,momentum_60,10
2026-03-25,0.413937,41,late_strong,momentum_60,10
2026-03-26,0.348432,41,late_strong,momentum_60,10
2026-03-27,0.216202,41,late_strong,momentum_60,10
2026-03-30,0.190767,41,late_strong,momentum_60,10
2026-03-31,0.041812,41,late_strong,momentum_60,10
2026-04-01,0.010453,41,late_strong,momentum_60,10
2026-04-02,-0.053659,41,late_strong,momentum_60,10
2026-04-06,-0.034843,41,late_strong,momentum_60,10
2026-04-07,-0.064286,41,late_strong,momentum_60,10
2025-10-23,0.080139,41,late_strong,momentum_60,20
2025-10-24,-0.042683,41,late_strong,momentum_60,20
2025-10-27,0.047038,41,late_strong,momentum_60,20
2025-10-28,-0.035366,41,late_strong,momentum_60,20
2025-10-29,-0.059233,41,late_strong,momentum_60,20
2025-10-30,0.154355,41,late_strong,momentum_60,20
2025-10-31,0.040592,41,late_strong,momentum_60,20
2025-11-03,0.167944,41,late_strong,momentum_60,20
2025-11-04,0.370383,41,late_strong,momentum_60,20
2025-11-05,0.264286,41,late_strong,momentum_60,20
2025-11-06,0.222125,41,late_strong,momentum_60,20
2025-11-07,0.2777,41,late_strong,momentum_60,20
2025-11-10,0.119686,41,late_strong,momentum_60,20
2025-11-11,0.229268,41,late_strong,momentum_60,20
2025-11-12,0.147735,41,late_strong,momentum_60,20
2025-11-13,0.045819,41,late_strong,momentum_60,20
2025-11-14,-0.011324,41,late_strong,momentum_60,20
2025-11-17,-0.042683,41,late_strong,momentum_60,20
2025-11-18,-0.141463,41,late_strong,momentum_60,20
2025-11-19,-0.036585,41,late_strong,momentum_60,20
2025-11-20,0.074216,41,late_strong,momentum_60,20
2025-11-21,0.218118,41,late_strong,momentum_60,20
2025-11-24,0.046167,41,late_strong,momentum_60,20
2025-11-25,0.029268,41,late_strong,momentum_60,20
2025-11-26,-0.004007,41,late_strong,momentum_60,20
2025-11-28,-0.020732,41,late_strong,momentum_60,20
2025-12-01,0.04007,41,late_strong,momentum_60,20
2025-12-02,-0.059233,41,late_strong,momentum_60,20
2025-12-03,0.004704,41,late_strong,momentum_60,20
2025-12-04,0.002962,41,late_strong,momentum_60,20
2025-12-05,0.00662,41,late_strong,momentum_60,20
2025-12-08,0.112369,41,late_strong,momentum_60,20
2025-12-09,0.037108,41,late_strong,momentum_60,20
2025-12-10,0.113763,41,late_strong,momentum_60,20
2025-12-11,0.243554,41,late_strong,momentum_60,20
2025-12-12,0.381882,41,late_strong,momentum_60,20
2025-12-15,0.335889,41,late_strong,momentum_60,20
2025-12-16,0.404007,41,late_strong,momentum_60,20
2025-12-17,0.281533,41,late_strong,momentum_60,20
2025-12-18,0.317596,41,late_strong,momentum_60,20
2025-12-19,0.290418,41,late_strong,momentum_60,20
2025-12-22,0.201045,41,late_strong,momentum_60,20
2025-12-23,0.270732,41,late_strong,momentum_60,20
2025-12-24,0.277003,41,late_strong,momentum_60,20
2025-12-26,0.337631,41,late_strong,momentum_60,20
2025-12-29,0.368641,41,late_strong,momentum_60,20
2025-12-30,0.421429,41,late_strong,momentum_60,20
2025-12-31,0.450174,41,late_strong,momentum_60,20
2026-01-02,0.546341,41,late_strong,momentum_60,20
2026-01-05,0.64878,41,late_strong,momentum_60,20
2026-01-06,0.702962,41,late_strong,momentum_60,20
2026-01-07,0.609059,41,late_strong,momentum_60,20
2026-01-08,0.595819,41,late_strong,momentum_60,20
2026-01-09,0.50331,41,late_strong,momentum_60,20
2026-01-12,0.383275,41,late_strong,momentum_60,20
2026-01-13,0.381185,41,late_strong,momentum_60,20
2026-01-14,0.467596,41,late_strong,momentum_60,20
2026-01-15,0.516376,41,late_strong,momentum_60,20
2026-01-16,0.488328,41,late_strong,momentum_60,20
2026-01-20,0.422648,41,late_strong,momentum_60,20
2026-01-21,0.444251,41,late_strong,momentum_60,20
2026-01-22,0.431882,41,late_strong,momentum_60,20
2026-01-23,0.592334,41,late_strong,momentum_60,20
2026-01-26,0.601916,41,late_strong,momentum_60,20
2026-01-27,0.498955,41,late_strong,momentum_60,20
2026-01-28,0.398432,41,late_strong,momentum_60,20
2026-01-29,0.29669,41,late_strong,momentum_60,20
2026-01-30,0.315679,41,late_strong,momentum_60,20
2026-02-02,0.141463,41,late_strong,momentum_60,20
2026-02-03,-0.05,41,late_strong,momentum_60,20
2026-02-04,-0.355052,41,late_strong,momentum_60,20
2026-02-05,-0.498258,41,late_strong,momentum_60,20
2026-02-06,-0.437456,41,late_strong,momentum_60,20
2026-02-09,-0.285366,41,late_strong,momentum_60,20
2026-02-10,-0.037979,41,late_strong,momentum_60,20
2026-02-11,-0.279094,41,late_strong,momentum_60,20
2026-02-12,-0.308885,41,late_strong,momentum_60,20
2026-02-13,-0.298084,41,late_strong,momentum_60,20
2026-02-17,-0.294948,41,late_strong,momentum_60,20
2026-02-18,-0.187282,41,late_strong,momentum_60,20
2026-02-19,-0.225087,41,late_strong,momentum_60,20
2026-02-20,-0.266899,41,late_strong,momentum_60,20
2026-02-23,-0.550174,41,late_strong,momentum_60,20
2026-02-24,-0.444948,41,late_strong,momentum_60,20
2026-02-25,-0.288676,41,late_strong,momentum_60,20
2026-02-26,-0.187631,41,late_strong,momentum_60,20
2026-02-27,-0.145645,41,late_strong,momentum_60,20
2026-03-02,-0.295296,41,late_strong,momentum_60,20
2026-03-03,-0.128746,41,late_strong,momentum_60,20
2026-03-04,0.134669,41,late_strong,momentum_60,20
2026-03-05,0.319338,41,late_strong,momentum_60,20
2026-03-06,0.482578,41,late_strong,momentum_60,20
2026-03-09,0.398955,41,late_strong,momentum_60,20
2026-03-10,0.379443,41,late_strong,momentum_60,20
2026-03-11,0.419512,41,late_strong,momentum_60,20
2026-03-12,0.38676,41,late_strong,momentum_60,20
2026-03-13,0.363763,41,late_strong,momentum_60,20
2026-03-16,0.355575,41,late_strong,momentum_60,20
2026-03-17,0.191638,41,late_strong,momentum_60,20
2026-03-18,0.158014,41,late_strong,momentum_60,20
2026-03-19,0.067944,41,late_strong,momentum_60,20
2026-03-20,0.105052,41,late_strong,momentum_60,20
2026-03-23,0.157317,41,late_strong,momentum_60,20
2025-10-23,0.402962,41,late_strong,momentum_60,60
2025-10-24,0.413066,41,late_strong,momentum_60,60
2025-10-27,0.303136,41,late_strong,momentum_60,60
2025-10-28,0.210801,41,late_strong,momentum_60,60
2025-10-29,0.124913,41,late_strong,momentum_60,60
2025-10-30,0.271951,41,late_strong,momentum_60,60
2025-10-31,0.166376,41,late_strong,momentum_60,60
2025-11-03,0.104007,41,late_strong,momentum_60,60
2025-11-04,0.297561,41,late_strong,momentum_60,60
2025-11-05,0.32561,41,late_strong,momentum_60,60
2025-11-06,0.26324,41,late_strong,momentum_60,60
2025-11-07,0.244251,41,late_strong,momentum_60,60
2025-11-10,0.204878,41,late_strong,momentum_60,60
2025-11-11,0.37561,41,late_strong,momentum_60,60
2025-11-12,0.295296,41,late_strong,momentum_60,60
2025-11-13,0.377352,41,late_strong,momentum_60,60
2025-11-14,0.322474,41,late_strong,momentum_60,60
2025-11-17,0.353136,41,late_strong,momentum_60,60
2025-11-18,0.336411,41,late_strong,momentum_60,60
2025-11-19,0.349477,41,late_strong,momentum_60,60
2025-11-20,0.43101,41,late_strong,momentum_60,60
2025-11-21,0.505575,41,late_strong,momentum_60,60
2025-11-24,0.467944,41,late_strong,momentum_60,60
2025-11-25,0.465505,41,late_strong,momentum_60,60
2025-11-26,0.423868,41,late_strong,momentum_60,60
2025-11-28,0.352787,41,late_strong,momentum_60,60
2025-12-01,0.349303,41,late_strong,momentum_60,60
2025-12-02,0.313763,41,late_strong,momentum_60,60
2025-12-03,0.284146,41,late_strong,momentum_60,60
2025-12-04,0.358885,41,late_strong,momentum_60,60
2025-12-05,0.28885,41,late_strong,momentum_60,60
2025-12-08,0.275087,41,late_strong,momentum_60,60
2025-12-09,0.372822,41,late_strong,momentum_60,60
2025-12-10,0.402962,41,late_strong,momentum_60,60
2025-12-11,0.482578,41,late_strong,momentum_60,60
2025-12-12,0.520906,41,late_strong,momentum_60,60
2025-12-15,0.473868,41,late_strong,momentum_60,60
2025-12-16,0.453659,41,late_strong,momentum_60,60
2025-12-17,0.422125,41,late_strong,momentum_60,60
2025-12-18,0.421429,41,late_strong,momentum_60,60
2025-12-19,0.38223,41,late_strong,momentum_60,60
2025-12-22,0.343554,41,late_strong,momentum_60,60
2025-12-23,0.472822,41,late_strong,momentum_60,60
2025-12-24,0.505923,41,late_strong,momentum_60,60
2025-12-26,0.508188,41,late_strong,momentum_60,60
2025-12-29,0.48554,41,late_strong,momentum_60,60
2025-12-30,0.477875,41,late_strong,momentum_60,60
2025-12-31,0.518293,41,late_strong,momentum_60,60
2026-01-02,0.569512,41,late_strong,momentum_60,60
2026-01-05,0.596167,41,late_strong,momentum_60,60
2026-01-06,0.531707,41,late_strong,momentum_60,60
2026-01-07,0.482404,41,late_strong,momentum_60,60
2026-01-08,0.466725,41,late_strong,momentum_60,60
2026-01-09,0.4,41,late_strong,momentum_60,60
2026-01-12,0.366202,41,late_strong,momentum_60,60
2026-01-13,0.405749,41,late_strong,momentum_60,60
2026-01-14,0.45122,41,late_strong,momentum_60,60
2026-01-15,0.451916,41,late_strong,momentum_60,60
2026-01-16,0.414808,41,late_strong,momentum_60,60
2026-01-20,0.424913,41,late_strong,momentum_60,60
2026-01-21,0.442857,41,late_strong,momentum_60,60
2026-01-22,0.371429,41,late_strong,momentum_60,60
2026-01-23,0.404007,41,late_strong,momentum_60,60
2025-10-23,0.27892,41,late_strong,reversal_5,5
2025-10-24,-0.015505,41,late_strong,reversal_5,5
2025-10-27,-0.129617,41,late_strong,reversal_5,5
2025-10-28,-0.054007,41,late_strong,reversal_5,5
2025-10-29,-0.116551,41,late_strong,reversal_5,5
2025-10-30,-0.063415,41,late_strong,reversal_5,5
2025-10-31,-0.053833,41,late_strong,reversal_5,5
2025-11-03,-0.029791,41,late_strong,reversal_5,5
2025-11-04,-0.263937,41,late_strong,reversal_5,5
2025-11-05,-0.240244,41,late_strong,reversal_5,5
2025-11-06,0.050697,41,late_strong,reversal_5,5
2025-11-07,-0.098955,41,late_strong,reversal_5,5
2025-11-10,-0.150871,41,late_strong,reversal_5,5
2025-11-11,-0.371603,41,late_strong,reversal_5,5
2025-11-12,-0.272474,41,late_strong,reversal_5,5
2025-11-13,-0.076132,41,late_strong,reversal_5,5
2025-11-14,-0.158711,41,late_strong,reversal_5,5
2025-11-17,0.027003,41,late_strong,reversal_5,5
2025-11-18,-0.029268,41,late_strong,reversal_5,5
2025-11-19,-0.098432,41,late_strong,reversal_5,5
2025-11-20,0.2223,41,late_strong,reversal_5,5
2025-11-21,0.325784,41,late_strong,reversal_5,5
2025-11-24,0.046167,41,late_strong,reversal_5,5
2025-11-25,0.047909,41,late_strong,reversal_5,5
2025-11-26,-0.291812,41,late_strong,reversal_5,5
2025-11-28,-0.332578,41,late_strong,reversal_5,5
2025-12-01,-0.450174,41,late_strong,reversal_5,5
2025-12-02,-0.026655,41,late_strong,reversal_5,5
2025-12-03,-0.079094,41,late_strong,reversal_5,5
2025-12-04,0.062369,41,late_strong,reversal_5,5
2025-12-05,0.089895,41,late_strong,reversal_5,5
2025-12-08,0.262892,41,late_strong,reversal_5,5
2025-12-09,0.289373,41,late_strong,reversal_5,5
2025-12-10,0.316551,41,late_strong,reversal_5,5
2025-12-11,0.119164,41,late_strong,reversal_5,5
2025-12-12,0.043902,41,late_strong,reversal_5,5
2025-12-15,0.272822,41,late_strong,reversal_5,5
2025-12-16,0.19878,41,late_strong,reversal_5,5
2025-12-17,0.367422,41,late_strong,reversal_5,5
2025-12-18,0.338676,41,late_strong,reversal_5,5
2025-12-19,-0.057317,41,late_strong,reversal_5,5
2025-12-22,0.397213,41,late_strong,reversal_5,5
2025-12-23,0.258188,41,late_strong,reversal_5,5
2025-12-24,-0.081707,41,late_strong,reversal_5,5
2025-12-26,-0.237805,41,late_strong,reversal_5,5
2025-12-29,-0.355923,41,late_strong,reversal_5,5
2025-12-30,-0.083449,41,late_strong,reversal_5,5
2025-12-31,-0.181359,41,late_strong,reversal_5,5
2026-01-02,-0.110801,41,late_strong,reversal_5,5
2026-01-05,-0.177875,41,late_strong,reversal_5,5
2026-01-06,0.004007,41,late_strong,reversal_5,5
2026-01-07,-0.083798,41,late_strong,reversal_5,5
2026-01-08,-0.34878,41,late_strong,reversal_5,5
2026-01-09,-0.245819,41,late_strong,reversal_5,5
2026-01-12,-0.25662,41,late_strong,reversal_5,5
2026-01-13,-0.147387,41,late_strong,reversal_5,5
2026-01-14,-0.160453,41,late_strong,reversal_5,5
2026-01-15,0.112718,41,late_strong,reversal_5,5
2026-01-16,0.131882,41,late_strong,reversal_5,5
2026-01-20,-0.071254,41,late_strong,reversal_5,5
2026-01-21,-0.091289,41,late_strong,reversal_5,5
2026-01-22,-0.116028,41,late_strong,reversal_5,5
2026-01-23,0.032927,41,late_strong,reversal_5,5
2026-01-26,0.109059,41,late_strong,reversal_5,5
2026-01-27,0.006098,41,late_strong,reversal_5,5
2026-01-28,0.131707,41,late_strong,reversal_5,5
2026-01-29,-0.321254,41,late_strong,reversal_5,5
2026-01-30,-0.632404,41,late_strong,reversal_5,5
2026-02-02,-0.420557,41,late_strong,reversal_5,5
2026-02-03,0.010627,41,late_strong,reversal_5,5
2026-02-04,0.186237,41,late_strong,reversal_5,5
2026-02-05,0.139895,41,late_strong,reversal_5,5
2026-02-06,0.17439,41,late_strong,reversal_5,5
2026-02-09,-0.047561,41,late_strong,reversal_5,5
2026-02-10,0.096864,41,late_strong,reversal_5,5
2026-02-11,-0.012718,41,late_strong,reversal_5,5
2026-02-12,0.174913,41,late_strong,reversal_5,5
2026-02-13,0.070906,41,late_strong,reversal_5,5
2026-02-17,0.05122,41,late_strong,reversal_5,5
2026-02-18,-0.123693,41,late_strong,reversal_5,5
2026-02-19,0.062544,41,late_strong,reversal_5,5
2026-02-20,-0.162718,41,late_strong,reversal_5,5
2026-02-23,0.351568,41,late_strong,reversal_5,5
2026-02-24,0.406446,41,late_strong,reversal_5,5
2026-02-25,0.329094,41,late_strong,reversal_5,5
2026-02-26,-0.04547,41,late_strong,reversal_5,5
2026-02-27,-0.019686,41,late_strong,reversal_5,5
2026-03-02,-0.302613,41,late_strong,reversal_5,5
2026-03-03,0.03676,41,late_strong,reversal_5,5
2026-03-04,0.303659,41,late_strong,reversal_5,5
2026-03-05,0.164111,41,late_strong,reversal_5,5
2026-03-06,0.550871,41,late_strong,reversal_5,5
2026-03-09,0.293206,41,late_strong,reversal_5,5
2026-03-10,-0.056098,41,late_strong,reversal_5,5
2026-03-11,0.0,41,late_strong,reversal_5,5
2026-03-12,-0.087282,41,late_strong,reversal_5,5
2026-03-13,-0.033275,41,late_strong,reversal_5,5
2026-03-16,0.308537,41,late_strong,reversal_5,5
2026-03-17,0.363763,41,late_strong,reversal_5,5
2026-03-18,0.205052,41,late_strong,reversal_5,5
2026-03-19,0.188328,41,late_strong,reversal_5,5
2026-03-20,-0.165331,41,late_strong,reversal_5,5
2026-03-23,-0.125436,41,late_strong,reversal_5,5
2026-03-24,-0.291986,41,late_strong,reversal_5,5
2026-03-25,-0.034495,41,late_strong,reversal_5,5
2026-03-26,0.131707,41,late_strong,reversal_5,5
2026-03-27,0.176307,41,late_strong,reversal_5,5
2026-03-30,0.520557,41,late_strong,reversal_5,5
2026-03-31,0.205401,41,late_strong,reversal_5,5
2026-04-01,-0.089547,41,late_strong,reversal_5,5
2026-04-02,-0.587805,41,late_strong,reversal_5,5
2026-04-06,-0.512195,41,late_strong,reversal_5,5
2026-04-07,-0.652439,41,late_strong,reversal_5,5
2026-04-08,-0.190418,41,late_strong,reversal_5,5
2026-04-09,-0.011324,41,late_strong,reversal_5,5
2026-04-10,0.063937,41,late_strong,reversal_5,5
2026-04-13,0.052439,41,late_strong,reversal_5,5
2026-04-14,0.032578,41,late_strong,reversal_5,5
2025-10-23,0.107666,41,late_strong,reversal_5,10
2025-10-24,-0.134669,41,late_strong,reversal_5,10
2025-10-27,-0.188153,41,late_strong,reversal_5,10
2025-10-28,-0.050697,41,late_strong,reversal_5,10
2025-10-29,0.259582,41,late_strong,reversal_5,10
2025-10-30,0.275261,41,late_strong,reversal_5,10
2025-10-31,0.197038,41,late_strong,reversal_5,10
2025-11-03,0.117422,41,late_strong,reversal_5,10
2025-11-04,-0.177875,41,late_strong,reversal_5,10
2025-11-05,-0.253833,41,late_strong,reversal_5,10
2025-11-06,-0.129965,41,late_strong,reversal_5,10
2025-11-07,-0.351916,41,late_strong,reversal_5,10
2025-11-10,-0.389547,41,late_strong,reversal_5,10
2025-11-11,-0.307491,41,late_strong,reversal_5,10
2025-11-12,0.074913,41,late_strong,reversal_5,10
2025-11-13,0.423868,41,late_strong,reversal_5,10
2025-11-14,0.312021,41,late_strong,reversal_5,10
2025-11-17,0.326655,41,late_strong,reversal_5,10
2025-11-18,0.305226,41,late_strong,reversal_5,10
2025-11-19,0.186237,41,late_strong,reversal_5,10
2025-11-20,0.199129,41,late_strong,reversal_5,10
2025-11-21,0.233275,41,late_strong,reversal_5,10
2025-11-24,-0.1,41,late_strong,reversal_5,10
2025-11-25,0.010105,41,late_strong,reversal_5,10
2025-11-26,-0.182056,41,late_strong,reversal_5,10
2025-11-28,0.113937,41,late_strong,reversal_5,10
2025-12-01,0.24669,41,late_strong,reversal_5,10
2025-12-02,0.195645,41,late_strong,reversal_5,10
2025-12-03,0.254704,41,late_strong,reversal_5,10
2025-12-04,0.101568,41,late_strong,reversal_5,10
2025-12-05,-0.006446,41,late_strong,reversal_5,10
2025-12-08,0.015854,41,late_strong,reversal_5,10
2025-12-09,0.044599,41,late_strong,reversal_5,10
2025-12-10,-0.086585,41,late_strong,reversal_5,10
2025-12-11,-0.139547,41,late_strong,reversal_5,10
2025-12-12,-0.103659,41,late_strong,reversal_5,10
2025-12-15,0.223519,41,late_strong,reversal_5,10
2025-12-16,0.115505,41,late_strong,reversal_5,10
2025-12-17,0.470035,41,late_strong,reversal_5,10
2025-12-18,0.45993,41,late_strong,reversal_5,10
2025-12-19,0.190941,41,late_strong,reversal_5,10
2025-12-22,0.169861,41,late_strong,reversal_5,10
2025-12-23,0.011498,41,late_strong,reversal_5,10
2025-12-24,-0.015854,41,late_strong,reversal_5,10
2025-12-26,-0.23554,41,late_strong,reversal_5,10
2025-12-29,-0.227178,41,late_strong,reversal_5,10
2025-12-30,-0.229094,41,late_strong,reversal_5,10
2025-12-31,-0.167422,41,late_strong,reversal_5,10
2026-01-02,-0.555575,41,late_strong,reversal_5,10
2026-01-05,-0.413066,41,late_strong,reversal_5,10
2026-01-06,-0.317073,41,late_strong,reversal_5,10
2026-01-07,-0.229791,41,late_strong,reversal_5,10
2026-01-08,-0.369861,41,late_strong,reversal_5,10
2026-01-09,0.029268,41,late_strong,reversal_5,10
2026-01-12,-0.032927,41,late_strong,reversal_5,10
2026-01-13,-0.019861,41,late_strong,reversal_5,10
2026-01-14,-0.181707,41,late_strong,reversal_5,10
2026-01-15,-0.281359,41,late_strong,reversal_5,10
2026-01-16,-0.241289,41,late_strong,reversal_5,10
2026-01-20,-0.468641,41,late_strong,reversal_5,10
2026-01-21,-0.378746,41,late_strong,reversal_5,10
2026-01-22,-0.10453,41,late_strong,reversal_5,10
2026-01-23,0.201742,41,late_strong,reversal_5,10
2026-01-26,0.251045,41,late_strong,reversal_5,10
2026-01-27,0.150871,41,late_strong,reversal_5,10
2026-01-28,0.060976,41,late_strong,reversal_5,10
2026-01-29,-0.283449,41,late_strong,reversal_5,10
2026-01-30,-0.494077,41,late_strong,reversal_5,10
2026-02-02,-0.347561,41,late_strong,reversal_5,10
2026-02-03,-0.201045,41,late_strong,reversal_5,10
2026-02-04,0.148606,41,late_strong,reversal_5,10
2026-02-05,0.250871,41,late_strong,reversal_5,10
2026-02-06,-0.241986,41,late_strong,reversal_5,10
2026-02-09,-0.350871,41,late_strong,reversal_5,10
2026-02-10,0.055749,41,late_strong,reversal_5,10
2026-02-11,0.236585,41,late_strong,reversal_5,10
2026-02-12,0.330139,41,late_strong,reversal_5,10
2026-02-13,0.219512,41,late_strong,reversal_5,10
2026-02-17,0.066725,41,late_strong,reversal_5,10
2026-02-18,-0.171254,41,late_strong,reversal_5,10
2026-02-19,0.136237,41,late_strong,reversal_5,10
2026-02-20,0.046516,41,late_strong,reversal_5,10
2026-02-23,0.534843,41,late_strong,reversal_5,10
2026-02-24,0.498258,41,late_strong,reversal_5,10
2026-02-25,0.346341,41,late_strong,reversal_5,10
2026-02-26,0.082578,41,late_strong,reversal_5,10
2026-02-27,-0.038676,41,late_strong,reversal_5,10
2026-03-02,-0.287456,41,late_strong,reversal_5,10
2026-03-03,-0.070035,41,late_strong,reversal_5,10
2026-03-04,0.029617,41,late_strong,reversal_5,10
2026-03-05,0.231707,41,late_strong,reversal_5,10
2026-03-06,0.476829,41,late_strong,reversal_5,10
2026-03-09,0.181533,41,late_strong,reversal_5,10
2026-03-10,0.377526,41,late_strong,reversal_5,10
2026-03-11,0.160453,41,late_strong,reversal_5,10
2026-03-12,0.07892,41,late_strong,reversal_5,10
2026-03-13,0.027178,41,late_strong,reversal_5,10
2026-03-16,0.189373,41,late_strong,reversal_5,10
2026-03-17,0.3277,41,late_strong,reversal_5,10
2026-03-18,0.195993,41,late_strong,reversal_5,10
2026-03-19,0.055401,41,late_strong,reversal_5,10
2026-03-20,-0.141986,41,late_strong,reversal_5,10
2026-03-23,-0.107491,41,late_strong,reversal_5,10
2026-03-24,-0.413763,41,late_strong,reversal_5,10
2026-03-25,-0.275261,41,late_strong,reversal_5,10
2026-03-26,0.202091,41,late_strong,reversal_5,10
2026-03-27,0.072648,41,late_strong,reversal_5,10
2026-03-30,0.433275,41,late_strong,reversal_5,10
2026-03-31,0.312195,41,late_strong,reversal_5,10
2026-04-01,0.203136,41,late_strong,reversal_5,10
2026-04-02,-0.413763,41,late_strong,reversal_5,10
2026-04-06,-0.574042,41,late_strong,reversal_5,10
2026-04-07,-0.602787,41,late_strong,reversal_5,10
2025-10-23,0.039895,41,late_strong,reversal_5,20
2025-10-24,0.013589,41,late_strong,reversal_5,20
2025-10-27,-0.112892,41,late_strong,reversal_5,20
2025-10-28,0.01115,41,late_strong,reversal_5,20
2025-10-29,0.104355,41,late_strong,reversal_5,20
2025-10-30,-0.05662,41,late_strong,reversal_5,20
2025-10-31,0.048432,41,late_strong,reversal_5,20
2025-11-03,-0.02561,41,late_strong,reversal_5,20
2025-11-04,-0.045296,41,late_strong,reversal_5,20
2025-11-05,-0.166725,41,late_strong,reversal_5,20
2025-11-06,-0.024042,41,late_strong,reversal_5,20
2025-11-07,0.000697,41,late_strong,reversal_5,20
2025-11-10,-0.180314,41,late_strong,reversal_5,20
2025-11-11,-0.183798,41,late_strong,reversal_5,20
2025-11-12,0.130314,41,late_strong,reversal_5,20
2025-11-13,0.296167,41,late_strong,reversal_5,20
2025-11-14,0.134843,41,late_strong,reversal_5,20
2025-11-17,0.100174,41,late_strong,reversal_5,20
2025-11-18,0.017596,41,late_strong,reversal_5,20
2025-11-19,-0.014983,41,late_strong,reversal_5,20
2025-11-20,0.010279,41,late_strong,reversal_5,20
2025-11-21,0.030314,41,late_strong,reversal_5,20
2025-11-24,-0.093554,41,late_strong,reversal_5,20
2025-11-25,-0.025436,41,late_strong,reversal_5,20
2025-11-26,-0.18676,41,late_strong,reversal_5,20
2025-11-28,0.013763,41,late_strong,reversal_5,20
2025-12-01,0.10993,41,late_strong,reversal_5,20
2025-12-02,0.17108,41,late_strong,reversal_5,20
2025-12-03,0.209059,41,late_strong,reversal_5,20
2025-12-04,0.210105,41,late_strong,reversal_5,20
2025-12-05,0.13885,41,late_strong,reversal_5,20
2025-12-08,0.19007,41,late_strong,reversal_5,20
2025-12-09,0.197561,41,late_strong,reversal_5,20
2025-12-10,0.158537,41,late_strong,reversal_5,20
2025-12-11,0.116551,41,late_strong,reversal_5,20
2025-12-12,0.144774,41,late_strong,reversal_5,20
2025-12-15,0.094599,41,late_strong,reversal_5,20
2025-12-16,0.124739,41,late_strong,reversal_5,20
2025-12-17,0.353136,41,late_strong,reversal_5,20
2025-12-18,0.326481,41,late_strong,reversal_5,20
2025-12-19,0.184495,41,late_strong,reversal_5,20
2025-12-22,0.261498,41,late_strong,reversal_5,20
2025-12-23,-0.070035,41,late_strong,reversal_5,20
2025-12-24,-0.027003,41,late_strong,reversal_5,20
2025-12-26,-0.248258,41,late_strong,reversal_5,20
2025-12-29,-0.448258,41,late_strong,reversal_5,20
2025-12-30,-0.406272,41,late_strong,reversal_5,20
2025-12-31,-0.290941,41,late_strong,reversal_5,20
2026-01-02,-0.599652,41,late_strong,reversal_5,20
2026-01-05,-0.38223,41,late_strong,reversal_5,20
2026-01-06,-0.362369,41,late_strong,reversal_5,20
2026-01-07,-0.240244,41,late_strong,reversal_5,20
2026-01-08,-0.265679,41,late_strong,reversal_5,20
2026-01-09,0.02892,41,late_strong,reversal_5,20
2026-01-12,0.00331,41,late_strong,reversal_5,20
2026-01-13,-0.04007,41,late_strong,reversal_5,20
2026-01-14,-0.209756,41,late_strong,reversal_5,20
2026-01-15,-0.367422,41,late_strong,reversal_5,20
2026-01-16,-0.360976,41,late_strong,reversal_5,20
2026-01-20,-0.445122,41,late_strong,reversal_5,20
2026-01-21,-0.432753,41,late_strong,reversal_5,20
2026-01-22,-0.102962,41,late_strong,reversal_5,20
2026-01-23,0.057143,41,late_strong,reversal_5,20
2026-01-26,0.15993,41,late_strong,reversal_5,20
2026-01-27,0.068118,41,late_strong,reversal_5,20
2026-01-28,0.019686,41,late_strong,reversal_5,20
2026-01-29,-0.29007,41,late_strong,reversal_5,20
2026-01-30,-0.41899,41,late_strong,reversal_5,20
2026-02-02,-0.234321,41,late_strong,reversal_5,20
2026-02-03,-0.079965,41,late_strong,reversal_5,20
2026-02-04,0.36446,41,late_strong,reversal_5,20
2026-02-05,0.278397,41,late_strong,reversal_5,20
2026-02-06,0.332056,41,late_strong,reversal_5,20
2026-02-09,0.22108,41,late_strong,reversal_5,20
2026-02-10,0.235192,41,late_strong,reversal_5,20
2026-02-11,0.180314,41,late_strong,reversal_5,20
2026-02-12,0.098432,41,late_strong,reversal_5,20
2026-02-13,0.077526,41,late_strong,reversal_5,20
2026-02-17,0.021254,41,late_strong,reversal_5,20
2026-02-18,-0.138153,41,late_strong,reversal_5,20
2026-02-19,-0.043728,41,late_strong,reversal_5,20
2026-02-20,-0.09547,41,late_strong,reversal_5,20
2026-02-23,0.444077,41,late_strong,reversal_5,20
2026-02-24,0.339024,41,late_strong,reversal_5,20
2026-02-25,0.152091,41,late_strong,reversal_5,20
2026-02-26,0.118293,41,late_strong,reversal_5,20
2026-02-27,-0.026132,41,late_strong,reversal_5,20
2026-03-02,-0.11777,41,late_strong,reversal_5,20
2026-03-03,0.06324,41,late_strong,reversal_5,20
2026-03-04,0.255052,41,late_strong,reversal_5,20
2026-03-05,0.223868,41,late_strong,reversal_5,20
2026-03-06,0.543902,41,late_strong,reversal_5,20
2026-03-09,0.339199,41,late_strong,reversal_5,20
2026-03-10,0.278397,41,late_strong,reversal_5,20
2026-03-11,0.127352,41,late_strong,reversal_5,20
2026-03-12,0.092683,41,late_strong,reversal_5,20
2026-03-13,-0.242683,41,late_strong,reversal_5,20
2026-03-16,-0.039547,41,late_strong,reversal_5,20
2026-03-17,0.489721,41,late_strong,reversal_5,20
2026-03-18,0.272822,41,late_strong,reversal_5,20
2026-03-19,0.009233,41,late_strong,reversal_5,20
2026-03-20,0.017596,41,late_strong,reversal_5,20
2026-03-23,0.137456,41,late_strong,reversal_5,20
2025-10-23,0.211672,41,late_strong,reversal_5,60
2025-10-24,0.037979,41,late_strong,reversal_5,60
2025-10-27,-0.019512,41,late_strong,reversal_5,60
2025-10-28,-0.088502,41,late_strong,reversal_5,60
2025-10-29,-0.090767,41,late_strong,reversal_5,60
2025-10-30,-0.157317,41,late_strong,reversal_5,60
2025-10-31,-0.039024,41,late_strong,reversal_5,60
2025-11-03,-0.056272,41,late_strong,reversal_5,60
2025-11-04,-0.158711,41,late_strong,reversal_5,60
2025-11-05,-0.335017,41,late_strong,reversal_5,60
2025-11-06,-0.347038,41,late_strong,reversal_5,60
2025-11-07,-0.515854,41,late_strong,reversal_5,60
2025-11-10,-0.39878,41,late_strong,reversal_5,60
2025-11-11,-0.363066,41,late_strong,reversal_5,60
2025-11-12,-0.032927,41,late_strong,reversal_5,60
2025-11-13,0.137108,41,late_strong,reversal_5,60
2025-11-14,-0.162892,41,late_strong,reversal_5,60
2025-11-17,-0.162892,41,late_strong,reversal_5,60
2025-11-18,-0.267247,41,late_strong,reversal_5,60
2025-11-19,-0.395819,41,late_strong,reversal_5,60
2025-11-20,-0.470209,41,late_strong,reversal_5,60
2025-11-21,-0.302265,41,late_strong,reversal_5,60
2025-11-24,-0.164111,41,late_strong,reversal_5,60
2025-11-25,-0.032753,41,late_strong,reversal_5,60
2025-11-26,-0.027875,41,late_strong,reversal_5,60
2025-11-28,0.051045,41,late_strong,reversal_5,60
2025-12-01,0.166028,41,late_strong,reversal_5,60
2025-12-02,0.231882,41,late_strong,reversal_5,60
2025-12-03,0.123519,41,late_strong,reversal_5,60
2025-12-04,-0.058362,41,late_strong,reversal_5,60
2025-12-05,-0.102962,41,late_strong,reversal_5,60
2025-12-08,0.018293,41,late_strong,reversal_5,60
2025-12-09,-0.087456,41,late_strong,reversal_5,60
2025-12-10,-0.004878,41,late_strong,reversal_5,60
2025-12-11,0.088502,41,late_strong,reversal_5,60
2025-12-12,0.102613,41,late_strong,reversal_5,60
2025-12-15,0.127003,41,late_strong,reversal_5,60
2025-12-16,0.21777,41,late_strong,reversal_5,60
2025-12-17,0.215157,41,late_strong,reversal_5,60
2025-12-18,0.175087,41,late_strong,reversal_5,60
2025-12-19,0.082927,41,late_strong,reversal_5,60
2025-12-22,0.0723,41,late_strong,reversal_5,60
2025-12-23,-0.163066,41,late_strong,reversal_5,60
2025-12-24,-0.119512,41,late_strong,reversal_5,60
2025-12-26,-0.270209,41,late_strong,reversal_5,60
2025-12-29,-0.320732,41,late_strong,reversal_5,60
2025-12-30,-0.164634,41,late_strong,reversal_5,60
2025-12-31,-0.285889,41,late_strong,reversal_5,60
2026-01-02,-0.517247,41,late_strong,reversal_5,60
2026-01-05,-0.295122,41,late_strong,reversal_5,60
2026-01-06,-0.264983,41,late_strong,reversal_5,60
2026-01-07,-0.191986,41,late_strong,reversal_5,60
2026-01-08,-0.215854,41,late_strong,reversal_5,60
2026-01-09,0.108188,41,late_strong,reversal_5,60
2026-01-12,-0.060627,41,late_strong,reversal_5,60
2026-01-13,-0.193031,41,late_strong,reversal_5,60
2026-01-14,-0.373519,41,late_strong,reversal_5,60
2026-01-15,-0.603484,41,late_strong,reversal_5,60
2026-01-16,-0.476829,41,late_strong,reversal_5,60
2026-01-20,-0.627178,41,late_strong,reversal_5,60
2026-01-21,-0.382404,41,late_strong,reversal_5,60
2026-01-22,-0.161672,41,late_strong,reversal_5,60
2026-01-23,0.040941,41,late_strong,reversal_5,60
